Variables,2000,2001,2002,2003,2004,2005,2006,2007,2008,2009,2010,2011,2012,2013,2014,2015,2016,2017,2018,2019
Residents,"3,273,363.00","3,325,902.00","3,382,944.00","3,366,891.00","3,413,266.00","3,467,814.00","3,525,894.00","3,583,082.00","3,642,659.00","3,733,876.00","3,771,721.00","3,789,251.00","3,818,205.00","3,844,751.00","3,870,739.00","3,902,690.00","3,933,559.00","3,965,796.00","3,994,283.00","4,026,209.00"
        Total HDB Dwellings,"2,787,664.00","2,812,379.00","2,847,905.00","2,835,299.00","2,860,404.00","2,887,618.00","2,921,412.00","2,962,077.00","3,017,728.00","3,090,463.00","3,111,083.00","3,120,823.00","3,136,924.00","3,147,634.00","3,154,691.00","3,162,357.00","3,162,636.00","3,156,575.00","3,149,249.00","3,154,524.00"
            HDB 1- And 2-room Flats,"105,825.00","97,387.00","94,380.00","89,022.00","90,422.00","91,379.00","93,676.00","97,512.00","101,302.00","106,133.00","112,433.00","122,473.00","132,214.00","143,445.00","151,720.00","159,792.00","163,847.00","168,052.00","170,955.00","173,771.00"
            HDB 3-room Flats,"710,485.00","677,179.00","655,820.00","633,407.00","618,003.00","608,511.00","605,224.00","609,024.00","617,559.00","632,943.00","632,538.00","629,207.00","621,569.00","612,096.00","609,833.00","604,579.00","599,416.00","590,806.00","584,821.00","580,233.00"
            HDB 4-room Flats,"1,127,389.00","1,148,715.00","1,175,794.00","1,172,937.00","1,183,552.00","1,194,271.00","1,208,149.00","1,221,318.00","1,243,034.00","1,272,084.00","1,279,865.00","1,283,524.00","1,294,678.00","1,303,959.00","1,311,754.00","1,320,285.00","1,325,542.00","1,330,160.00","1,331,440.00","1,337,743.00"
            HDB 5-room And Executive Flats,"821,882.00","868,694.00","906,031.00","927,187.00","956,836.00","981,865.00","1,002,746.00","1,022,687.00","1,046,011.00","1,069,368.00","1,076,353.00","1,077,235.00","1,080,226.00","1,081,223.00","1,077,664.00","1,074,735.00","1,070,978.00","1,067,557.00","1,062,033.00","1,062,777.00"
        Condominiums & Other Apartments,"207,005.00","235,248.00","259,451.00","268,063.00","288,546.00","312,134.00","335,199.00","348,155.00","344,689.00","357,532.00","373,852.00","383,257.00","393,721.00","407,454.00","425,994.00","452,998.00","484,544.00","525,584.00","562,228.00","587,860.00"
        Landed Properties,"241,684.00","243,108.00","242,331.00","233,863.00","235,369.00","237,295.00","238,516.00","240,877.00","242,625.00","246,126.00","248,189.00","247,556.00","249,548.00","251,347.00","252,814.00","251,082.00","250,745.00","249,408.00","248,240.00","249,077.00"
        Other Types Of Dwelling,"37,010.00","35,167.00","33,257.00","29,666.00","28,947.00","30,767.00","30,767.00","31,973.00","37,617.00","39,755.00","38,597.00","37,615.00","38,012.00","38,316.00","37,240.00","36,253.00","35,634.00","34,229.00","34,566.00","34,748.00"
0-4 Years,"225,705.00","222,991.00","217,798.00","209,903.00","204,819.00","199,529.00","194,479.00","193,626.00","193,889.00","197,788.00","194,432.00","188,249.00","186,673.00","183,295.00","181,369.00","183,575.00","187,160.00","187,653.00","185,528.00","185,355.00"
        Total HDB Dwellings,"198,145.00","194,458.00","189,346.00","182,327.00","176,480.00","170,163.00","164,278.00","162,664.00","163,479.00","166,987.00","163,155.00","157,545.00","155,549.00","152,005.00","149,709.00","150,367.00","152,004.00","150,516.00","147,012.00","146,195.00"
            HDB 1- And 2-room Flats,"4,569.00","3,874.00","3,457.00","3,280.00","3,283.00","3,263.00","3,344.00","3,698.00","4,158.00","4,615.00","5,191.00","5,878.00","6,571.00","7,219.00","7,412.00","7,603.00","7,752.00","7,965.00","7,907.00","7,828.00"
            HDB 3-room Flats,"36,567.00","35,589.00","34,415.00","32,526.00","30,169.00","28,417.00","27,103.00","26,796.00","27,235.00","28,277.00","26,854.00","25,342.00","23,932.00","22,558.00","22,289.00","22,114.00","22,121.00","21,322.00","20,485.00","19,909.00"
            HDB 4-room Flats,"83,741.00","81,435.00","78,957.00","75,227.00","72,256.00","68,900.00","66,118.00","64,835.00","64,910.00","66,935.00","66,006.00","64,479.00","65,424.00","65,697.00","66,544.00","69,042.00","71,559.00","72,324.00","71,569.00","71,963.00"
            HDB 5-room And Executive Flats,"72,228.00","72,721.00","71,939.00","70,884.00","70,432.00","69,260.00","67,424.00","67,059.00","66,951.00","66,919.00","64,854.00","61,618.00","59,407.00","56,342.00","53,355.00","51,520.00","50,492.00","48,905.00","47,051.00","46,495.00"
        Condominiums & Other Apartments,"14,509.00","16,243.00","17,381.00","17,642.00","18,793.00","20,002.00","21,161.00","21,548.00","20,642.00","20,791.00","21,285.00","21,015.00","21,235.00","21,407.00","22,001.00","23,679.00","25,800.00","28,214.00","29,965.00","30,803.00"
        Landed Properties,"11,452.00","10,757.00","9,815.00","8,908.00","8,572.00","8,380.00","8,049.00","8,313.00","8,595.00","8,764.00","8,934.00","8,803.00","8,929.00","8,977.00","8,825.00","8,659.00","8,533.00","8,163.00","7,851.00","7,777.00"
        Other Types Of Dwelling,"1,599.00","1,533.00","1,256.00","1,026.00",974,984,991,"1,101.00","1,173.00","1,246.00","1,058.00",886,960,906,834,870,823,760,700,580
5-9 Years,"256,574.00","254,077.00","253,192.00","247,044.00","240,517.00","237,237.00","235,204.00","229,541.00","223,622.00","221,435.00","215,675.00","208,119.00","206,324.00","205,704.00","205,790.00","204,452.00","201,509.00","200,575.00","199,066.00","197,775.00"
        Total HDB Dwellings,"218,817.00","213,838.00","211,300.00","206,264.00","200,233.00","196,380.00","193,559.00","188,021.00","184,061.00","181,898.00","175,721.00","168,973.00","166,489.00","164,968.00","164,076.00","161,556.00","156,968.00","153,419.00","149,151.00","146,167.00"
            HDB 1- And 2-room Flats,"5,819.00","4,318.00","3,316.00","3,013.00","2,999.00","2,906.00","3,059.00","3,393.00","3,710.00","4,104.00","4,735.00","5,537.00","6,389.00","7,293.00","7,872.00","8,094.00","7,903.00","7,796.00","7,464.00","7,182.00"
            HDB 3-room Flats,"44,318.00","36,031.00","32,213.00","30,783.00","29,574.00","28,795.00","28,750.00","28,171.00","28,154.00","28,370.00","27,565.00","26,714.00","26,269.00","25,516.00","25,109.00","24,386.00","23,365.00","22,382.00","21,381.00","20,492.00"
            HDB 4-room Flats,"93,349.00","92,283.00","91,243.00","88,473.00","85,197.00","83,163.00","81,034.00","77,696.00","75,371.00","73,708.00","70,364.00","66,947.00","66,002.00","65,762.00","66,306.00","66,107.00","65,392.00","65,432.00","64,916.00","64,809.00"
            HDB 5-room And Executive Flats,"73,317.00","79,500.00","83,321.00","83,101.00","81,717.00","80,854.00","80,117.00","78,224.00","76,423.00","75,343.00","72,708.00","69,509.00","67,589.00","66,181.00","64,651.00","62,850.00","60,200.00","57,809.00","55,390.00","53,684.00"
        Condominiums & Other Apartments,"18,080.00","21,232.00","23,769.00","24,095.00","24,704.00","26,123.00","27,311.00","27,483.00","25,929.00","26,238.00","26,736.00","26,440.00","27,063.00","28,054.00","29,080.00","30,617.00","32,461.00","35,460.00","38,410.00","40,229.00"
        Landed Properties,"17,418.00","17,043.00","16,453.00","15,314.00","14,306.00","13,576.00","13,114.00","12,662.00","12,287.00","11,958.00","11,989.00","11,519.00","11,600.00","11,588.00","11,606.00","11,241.00","11,080.00","10,791.00","10,660.00","10,570.00"
        Other Types Of Dwelling,"2,259.00","1,964.00","1,670.00","1,371.00","1,274.00","1,158.00","1,220.00","1,375.00","1,345.00","1,341.00","1,229.00","1,187.00","1,172.00","1,094.00","1,028.00","1,038.00","1,000.00",905,845,809
10-14 Years,"235,352.00","246,972.00","257,692.00","259,124.00","257,283.00","258,553.00","256,482.00","255,292.00","253,796.00","248,628.00","244,302.00","240,536.00","233,320.00","226,244.00","220,796.00","214,388.00","207,495.00","206,253.00","206,530.00","207,926.00"
        Total HDB Dwellings,"197,568.00","205,239.00","212,574.00","213,264.00","210,946.00","210,815.00","208,232.00","206,529.00","206,166.00","202,214.00","198,219.00","195,124.00","188,562.00","181,834.00","175,901.00","168,505.00","160,924.00","157,104.00","154,403.00","153,260.00"
            HDB 1- And 2-room Flats,"4,418.00","3,936.00","3,630.00","3,442.00","3,356.00","3,419.00","3,485.00","3,672.00","4,052.00","4,375.00","5,006.00","5,675.00","6,387.00","7,261.00","7,748.00","7,910.00","7,992.00","8,018.00","7,951.00","7,890.00"
            HDB 3-room Flats,"39,875.00","37,269.00","35,652.00","33,729.00","31,098.00","29,768.00","28,547.00","28,009.00","28,306.00","28,647.00","28,665.00","28,965.00","27,971.00","26,953.00","26,342.00","25,258.00","24,091.00","23,589.00","23,112.00","22,690.00"
            HDB 4-room Flats,"84,698.00","88,660.00","92,851.00","93,409.00","92,479.00","91,861.00","90,423.00","88,873.00","87,716.00","84,866.00","82,176.00","79,655.00","76,266.00","72,883.00","70,030.00","66,587.00","63,307.00","61,955.00","61,504.00","61,676.00"
            HDB 5-room And Executive Flats,"66,600.00","73,413.00","78,946.00","81,418.00","82,885.00","84,657.00","84,757.00","85,035.00","85,346.00","83,653.00","81,759.00","80,366.00","77,508.00","74,405.00","71,612.00","68,612.00","65,409.00","63,542.00","61,836.00","61,004.00"
        Condominiums & Other Apartments,"16,838.00","19,594.00","22,387.00","23,735.00","24,894.00","26,700.00","28,160.00","29,153.00","28,718.00","28,407.00","28,821.00","28,560.00","28,456.00","28,691.00","29,532.00","30,914.00","32,373.00","35,337.00","38,371.00","40,703.00"
        Landed Properties,"19,093.00","20,331.00","21,020.00","20,586.00","20,071.00","19,693.00","18,783.00","18,239.00","17,432.00","16,551.00","15,942.00","15,545.00","15,076.00","14,558.00","14,311.00","13,915.00","13,264.00","12,964.00","12,960.00","13,191.00"
        Other Types Of Dwelling,"1,853.00","1,808.00","1,711.00","1,539.00","1,372.00","1,345.00","1,307.00","1,371.00","1,480.00","1,456.00","1,320.00","1,307.00","1,226.00","1,161.00","1,052.00","1,054.00",934,848,796,772
15-19 Years,"211,286.00","210,903.00","209,687.00","214,074.00","227,417.00","234,921.00","246,547.00","257,298.00","262,856.00","262,775.00","263,750.00","260,738.00","258,861.00","255,066.00","247,337.00","242,902.00","239,771.00","232,973.00","226,520.00","222,222.00"
        Total HDB Dwellings,"180,828.00","179,187.00","176,835.00","179,276.00","188,800.00","194,002.00","202,341.00","210,289.00","214,637.00","214,281.00","214,395.00","211,810.00","209,863.00","206,288.00","199,244.00","194,575.00","190,208.00","182,255.00","174,718.00","168,968.00"
            HDB 1- And 2-room Flats,"5,458.00","4,758.00","4,225.00","3,969.00","3,899.00","3,892.00","4,018.00","4,453.00","4,853.00","5,241.00","5,789.00","6,549.00","7,187.00","8,025.00","8,595.00","9,086.00","9,245.00","9,237.00","8,924.00","8,674.00"
            HDB 3-room Flats,"43,898.00","39,382.00","35,759.00","33,568.00","32,472.00","31,456.00","31,253.00","31,328.00","31,671.00","31,127.00","30,999.00","30,569.00","30,019.00","29,039.00","28,298.00","27,778.00","27,316.00","26,141.00","25,288.00","24,481.00"
            HDB 4-room Flats,"77,232.00","78,075.00","78,532.00","79,980.00","84,235.00","86,504.00","89,693.00","92,632.00","93,927.00","92,981.00","91,728.00","89,612.00","87,912.00","85,462.00","81,794.00","79,285.00","76,821.00","73,143.00","69,826.00","67,299.00"
            HDB 5-room And Executive Flats,"52,540.00","55,409.00","57,189.00","60,764.00","67,237.00","71,147.00","76,277.00","80,748.00","83,153.00","83,900.00","84,881.00","84,280.00","84,036.00","83,210.00","80,322.00","78,237.00","76,659.00","73,734.00","70,680.00","68,514.00"
        Condominiums & Other Apartments,"12,263.00","13,382.00","14,556.00","16,040.00","18,426.00","20,164.00","22,408.00","24,277.00","25,238.00","25,966.00","27,249.00","27,992.00","28,551.00","28,802.00","29,165.00","30,192.00","31,848.00","33,757.00","35,440.00","37,003.00"
        Landed Properties,"16,587.00","16,856.00","16,875.00","17,438.00","18,958.00","19,539.00","20,535.00","21,364.00","21,334.00","20,866.00","20,556.00","19,509.00","19,015.00","18,606.00","17,759.00","17,112.00","16,738.00","16,087.00","15,466.00","15,282.00"
        Other Types Of Dwelling,"1,608.00","1,478.00","1,421.00","1,320.00","1,233.00","1,216.00","1,263.00","1,368.00","1,647.00","1,662.00","1,550.00","1,427.00","1,432.00","1,370.00","1,169.00","1,023.00",977,874,896,969
20-24 Years,"212,236.00","214,636.00","216,313.00","215,412.00","215,217.00","218,951.00","219,631.00","218,485.00","225,385.00","241,753.00","247,190.00","255,069.00","264,506.00","266,889.00","263,918.00","264,127.00","260,854.00","259,072.00","255,516.00","249,079.00"
        Total HDB Dwellings,"183,046.00","184,248.00","185,589.00","184,423.00","183,668.00","185,863.00","185,583.00","184,184.00","189,599.00","201,936.00","205,486.00","211,443.00","218,221.00","219,254.00","216,055.00","215,017.00","211,026.00","208,219.00","203,941.00","197,454.00"
            HDB 1- And 2-room Flats,"5,982.00","5,327.00","5,139.00","5,014.00","4,982.00","4,996.00","5,013.00","5,069.00","5,334.00","5,689.00","6,184.00","7,081.00","8,071.00","8,974.00","9,581.00","10,033.00","10,218.00","10,523.00","10,299.00","9,939.00"
            HDB 3-room Flats,"52,895.00","49,198.00","45,861.00","42,597.00","39,925.00","38,314.00","36,356.00","34,678.00","34,136.00","34,979.00","34,191.00","34,270.00","34,252.00","33,620.00","32,658.00","31,694.00","30,481.00","29,373.00","28,619.00","27,918.00"
            HDB 4-room Flats,"75,437.00","78,151.00","81,007.00","81,341.00","81,742.00","83,192.00","83,475.00","82,811.00","84,696.00","89,534.00","90,636.00","92,261.00","94,145.00","93,938.00","91,746.00","90,525.00","88,330.00","86,804.00","84,571.00","81,519.00"
            HDB 5-room And Executive Flats,"47,144.00","50,074.00","52,427.00","54,511.00","56,104.00","58,495.00","59,849.00","60,754.00","64,619.00","70,879.00","73,581.00","77,032.00","80,895.00","82,014.00","81,744.00","82,515.00","81,762.00","81,519.00","80,452.00","78,078.00"
        Condominiums & Other Apartments,"10,869.00","12,019.00","12,945.00","13,645.00","14,546.00","15,745.00","16,562.00","16,789.00","17,267.00","19,244.00","20,575.00","21,898.00","23,409.00","24,705.00","25,721.00","27,421.00","29,040.00","30,866.00","32,063.00","32,712.00"
        Landed Properties,"16,306.00","16,431.00","15,952.00","15,820.00","15,677.00","16,025.00","16,180.00","16,190.00","16,908.00","18,584.00","19,059.00","19,909.00","20,745.00","20,678.00","20,198.00","20,045.00","19,369.00","18,851.00","18,339.00","17,615.00"
        Other Types Of Dwelling,"2,015.00","1,938.00","1,827.00","1,524.00","1,326.00","1,318.00","1,306.00","1,322.00","1,611.00","1,989.00","2,070.00","1,819.00","2,131.00","2,252.00","1,944.00","1,644.00","1,419.00","1,136.00","1,173.00","1,298.00"
25-29 Years,"267,161.00","262,754.00","262,720.00","250,878.00","246,713.00","247,799.00","251,659.00","254,523.00","263,114.00","274,308.00","272,639.00","262,606.00","254,582.00","255,615.00","265,659.00","271,030.00","279,988.00","290,198.00","291,631.00","288,194.00"
        Total HDB Dwellings,"234,929.00","229,210.00","227,740.00","217,438.00","212,640.00","212,425.00","214,873.00","217,963.00","226,896.00","236,524.00","233,875.00","225,138.00","217,667.00","217,281.00","223,675.00","227,079.00","232,715.00","238,980.00","238,548.00","234,747.00"
            HDB 1- And 2-room Flats,"7,009.00","5,713.00","4,981.00","4,429.00","4,377.00","4,466.00","4,541.00","4,990.00","5,333.00","5,707.00","6,155.00","6,851.00","7,381.00","8,112.00","8,676.00","9,007.00","9,361.00","9,795.00","9,746.00","9,824.00"
            HDB 3-room Flats,"65,724.00","61,375.00","58,114.00","53,493.00","49,982.00","48,306.00","47,401.00","47,320.00","48,506.00","50,139.00","47,719.00","44,114.00","40,963.00","38,954.00","39,346.00","38,757.00","38,610.00","38,372.00","37,536.00","36,181.00"
            HDB 4-room Flats,"97,638.00","96,891.00","98,617.00","94,517.00","92,453.00","92,390.00","94,012.00","95,678.00","100,106.00","105,237.00","104,784.00","101,614.00","98,878.00","98,684.00","101,071.00","103,016.00","104,673.00","107,387.00","107,056.00","105,008.00"
            HDB 5-room And Executive Flats,"63,225.00","63,954.00","64,953.00","64,168.00","65,042.00","66,451.00","68,103.00","69,147.00","72,214.00","74,659.00","74,469.00","71,925.00","69,832.00","70,994.00","74,304.00","76,090.00","79,844.00","83,426.00","84,210.00","83,734.00"
        Condominiums & Other Apartments,"12,701.00","14,971.00","16,654.00","16,698.00","17,579.00","18,875.00","20,115.00","20,022.00","19,107.00","20,111.00","20,898.00","20,179.00","19,695.00","20,438.00","22,606.00","24,241.00","26,765.00","30,134.00","32,353.00","33,127.00"
        Landed Properties,"16,814.00","16,089.00","15,954.00","14,620.00","14,491.00","14,577.00","14,727.00","14,508.00","14,810.00","15,044.00","15,481.00","15,273.00","15,313.00","16,145.00","17,644.00","18,033.00","19,014.00","19,711.00","19,460.00","19,092.00"
        Other Types Of Dwelling,"2,717.00","2,484.00","2,372.00","2,122.00","2,003.00","1,922.00","1,944.00","2,030.00","2,301.00","2,629.00","2,385.00","2,016.00","1,907.00","1,751.00","1,734.00","1,677.00","1,494.00","1,373.00","1,270.00","1,228.00"
30-34 Years,"290,290.00","286,690.00","289,184.00","287,304.00","290,489.00","293,414.00","293,251.00","294,453.00","289,817.00","297,240.00","298,687.00","297,555.00","295,396.00","296,870.00","292,287.00","290,619.00","285,544.00","279,340.00","281,397.00","293,446.00"
        Total HDB Dwellings,"255,755.00","249,771.00","250,498.00","248,949.00","250,079.00","250,802.00","248,802.00","249,368.00","247,159.00","253,442.00","253,751.00","253,474.00","252,074.00","253,094.00","248,551.00","245,125.00","239,090.00","231,766.00","231,391.00","239,934.00"
            HDB 1- And 2-room Flats,"6,203.00","5,302.00","4,765.00","4,410.00","4,360.00","4,351.00","4,312.00","4,302.00","4,324.00","4,536.00","4,823.00","5,345.00","6,009.00","6,841.00","7,201.00","7,450.00","7,539.00","7,448.00","7,393.00","7,383.00"
            HDB 3-room Flats,"58,334.00","55,058.00","53,913.00","52,193.00","50,534.00","50,232.00","49,685.00","50,265.00","50,437.00","52,457.00","51,972.00","50,770.00","48,882.00","47,335.00","45,975.00","44,011.00","41,834.00","39,536.00","38,329.00","38,725.00"
            HDB 4-room Flats,"107,258.00","104,074.00","104,010.00","102,949.00","103,512.00","103,960.00","103,497.00","104,010.00","104,185.00","108,261.00","109,965.00","112,331.00","114,430.00","117,201.00","117,276.00","117,891.00","116,767.00","113,732.00","113,842.00","117,831.00"
            HDB 5-room And Executive Flats,"82,896.00","84,395.00","86,981.00","88,795.00","91,112.00","91,675.00","90,683.00","90,137.00","87,692.00","87,620.00","86,374.00","84,543.00","82,284.00","81,338.00","77,864.00","75,607.00","72,790.00","71,050.00","71,827.00","75,995.00"
        Condominiums & Other Apartments,"17,554.00","20,483.00","22,583.00","23,143.00","25,197.00","27,376.00","29,243.00","29,360.00","26,880.00","27,513.00","28,731.00","28,321.00","27,818.00","28,193.00","28,575.00","30,522.00","31,824.00","33,357.00","35,412.00","38,005.00"
        Landed Properties,"14,380.00","14,013.00","13,778.00","13,091.00","13,149.00","13,092.00","13,018.00","13,312.00","13,171.00","13,400.00","13,498.00","13,337.00","13,058.00","13,255.00","13,047.00","13,027.00","12,846.00","12,657.00","13,114.00","14,057.00"
        Other Types Of Dwelling,"2,601.00","2,423.00","2,325.00","2,121.00","2,064.00","2,144.00","2,188.00","2,413.00","2,607.00","2,885.00","2,707.00","2,423.00","2,446.00","2,328.00","2,114.00","1,945.00","1,784.00","1,560.00","1,480.00","1,450.00"
35-39 Years,"322,621.00","322,878.00","320,753.00","310,643.00","302,908.00","299,153.00","298,203.00","301,973.00","307,243.00","317,311.00","320,024.00","316,161.00","313,970.00","305,503.00","302,029.00","301,067.00","301,998.00","300,956.00","303,720.00","300,818.00"
        Total HDB Dwellings,"275,959.00","274,097.00","271,175.00","262,765.00","254,807.00","249,582.00","246,224.00","247,895.00","253,244.00","261,611.00","262,331.00","258,711.00","256,374.00","249,264.00","246,019.00","243,732.00","242,354.00","238,954.00","237,856.00","233,930.00"
            HDB 1- And 2-room Flats,"6,882.00","6,039.00","5,588.00","5,236.00","5,010.00","4,939.00","4,799.00","4,832.00","5,054.00","5,254.00","5,547.00","5,949.00","6,051.00","6,143.00","6,462.00","6,605.00","6,611.00","6,871.00","6,972.00","6,912.00"
            HDB 3-room Flats,"62,269.00","59,407.00","57,030.00","54,005.00","51,323.00","49,323.00","47,849.00","47,973.00","48,990.00","51,171.00","51,468.00","50,920.00","49,855.00","47,669.00","46,593.00","45,676.00","44,590.00","42,834.00","41,872.00","40,218.00"
            HDB 4-room Flats,"114,584.00","114,367.00","113,456.00","109,160.00","104,973.00","102,257.00","100,376.00","100,597.00","102,665.00","106,321.00","107,242.00","106,669.00","107,657.00","107,336.00","108,319.00","109,281.00","110,901.00","111,688.00","112,727.00","112,502.00"
            HDB 5-room And Executive Flats,"90,443.00","92,804.00","94,074.00","93,599.00","92,891.00","92,478.00","92,624.00","93,958.00","96,082.00","98,379.00","97,585.00","94,723.00","92,365.00","87,728.00","84,436.00","81,997.00","80,109.00","77,561.00","76,285.00","74,298.00"
        Condominiums & Other Apartments,"25,009.00","28,061.00","30,000.00","30,125.00","31,323.00","33,361.00","35,766.00","37,304.00","36,543.00","37,660.00","39,458.00","39,674.00","39,944.00","39,364.00","39,609.00","41,713.00","44,437.00","47,625.00","51,866.00","53,325.00"
        Landed Properties,"18,592.00","17,835.00","16,944.00","15,407.00","14,577.00","14,026.00","13,909.00","14,331.00","14,807.00","15,223.00","15,482.00","15,056.00","14,962.00","14,268.00","13,986.00","13,403.00","13,106.00","12,470.00","12,295.00","11,981.00"
        Other Types Of Dwelling,"3,061.00","2,885.00","2,634.00","2,346.00","2,201.00","2,184.00","2,304.00","2,443.00","2,649.00","2,817.00","2,753.00","2,720.00","2,690.00","2,607.00","2,415.00","2,219.00","2,101.00","1,907.00","1,703.00","1,582.00"
40-44 Years,"312,420.00","317,996.00","320,863.00","318,282.00","321,057.00","321,472.00","323,017.00","321,049.00","317,363.00","312,983.00","309,441.00","306,614.00","308,823.00","312,581.00","316,023.00","316,755.00","313,445.00","311,484.00","303,640.00","300,763.00"
        Total HDB Dwellings,"262,232.00","265,468.00","267,001.00","264,585.00","265,861.00","264,773.00","264,759.00","261,968.00","259,563.00","255,239.00","250,582.00","246,738.00","246,762.00","248,245.00","249,370.00","247,442.00","242,006.00","236,674.00","227,509.00","223,336.00"
            HDB 1- And 2-room Flats,"8,622.00","7,970.00","7,405.00","6,855.00","6,608.00","6,362.00","6,326.00","6,448.00","6,610.00","6,728.00","6,954.00","7,236.00","7,590.00","8,122.00","8,318.00","8,438.00","8,279.00","7,844.00","7,850.00","8,323.00"
            HDB 3-room Flats,"63,318.00","60,548.00","58,610.00","56,680.00","55,860.00","54,786.00","54,342.00","53,663.00","52,714.00","51,803.00","50,297.00","49,021.00","48,223.00","47,742.00","47,908.00","47,569.00","46,488.00","45,184.00","42,940.00","41,371.00"
            HDB 4-room Flats,"105,606.00","107,726.00","109,074.00","108,565.00","109,633.00","109,333.00","109,619.00","107,952.00","106,448.00","104,022.00","101,610.00","99,434.00","99,634.00","100,529.00","101,422.00","101,498.00","100,561.00","100,152.00","98,125.00","97,774.00"
            HDB 5-room And Executive Flats,"82,302.00","87,120.00","90,337.00","91,240.00","92,704.00","93,322.00","93,578.00","93,130.00","93,190.00","92,119.00","91,152.00","90,595.00","90,894.00","91,484.00","91,491.00","89,739.00","86,492.00","83,494.00","78,594.00","75,868.00"
        Condominiums & Other Apartments,"24,430.00","27,377.00","29,653.00","30,680.00","32,698.00","34,886.00","37,069.00","38,405.00","37,555.00","38,159.00","39,444.00","40,626.00","42,476.00","44,415.00","46,676.00","49,869.00","52,909.00","57,014.00","59,246.00","61,030.00"
        Landed Properties,"22,748.00","22,366.00","21,550.00","20,468.00","19,968.00","19,290.00","18,616.00","18,051.00","17,503.00","16,924.00","16,862.00","16,777.00","17,095.00","17,395.00","17,517.00","17,030.00","16,318.00","15,728.00","14,932.00","14,609.00"
        Other Types Of Dwelling,"3,010.00","2,785.00","2,659.00","2,549.00","2,530.00","2,523.00","2,573.00","2,625.00","2,742.00","2,661.00","2,553.00","2,473.00","2,490.00","2,526.00","2,460.00","2,414.00","2,212.00","2,068.00","1,953.00","1,788.00"
45-49 Years,"262,201.00","274,569.00","286,738.00","292,791.00","300,671.00","307,546.00","312,858.00","315,552.00","318,078.00","322,497.00","323,459.00","323,991.00","320,925.00","316,336.00","308,533.00","303,413.00","301,183.00","303,457.00","307,838.00","311,682.00"
        Total HDB Dwellings,"217,917.00","227,712.00","236,958.00","242,015.00","247,936.00","252,963.00","256,658.00","258,362.00","260,599.00","263,613.00","263,601.00","263,727.00","260,192.00","254,959.00","246,846.00","240,023.00","234,198.00","231,443.00","230,679.00","230,541.00"
            HDB 1- And 2-room Flats,"8,407.00","8,062.00","8,057.00","8,016.00","8,183.00","8,371.00","8,406.00","8,326.00","8,298.00","8,412.00","8,770.00","9,342.00","9,898.00","10,613.00","10,806.00","10,755.00","10,276.00","10,005.00","10,041.00","10,231.00"
            HDB 3-room Flats,"57,809.00","56,583.00","55,978.00","55,271.00","54,538.00","54,741.00","54,422.00","54,350.00","54,432.00","55,077.00","54,994.00","54,918.00","53,410.00","51,467.00","49,275.00","47,143.00","45,752.00","44,807.00","44,529.00","44,340.00"
            HDB 4-room Flats,"86,382.00","91,903.00","97,381.00","99,599.00","102,008.00","103,639.00","105,277.00","105,809.00","106,825.00","108,130.00","107,922.00","107,861.00","106,167.00","103,575.00","99,893.00","96,829.00","94,082.00","93,156.00","93,033.00","93,144.00"
            HDB 5-room And Executive Flats,"63,144.00","69,098.00","74,012.00","77,816.00","81,976.00","84,980.00","87,375.00","88,720.00","90,108.00","91,112.00","91,110.00","90,941.00","90,127.00","88,847.00","86,635.00","85,118.00","83,922.00","83,475.00","83,076.00","82,826.00"
        Condominiums & Other Apartments,"19,091.00","21,446.00","24,090.00","25,580.00","27,579.00","29,676.00","31,633.00","32,934.00","33,289.00","34,868.00","36,385.00","37,578.00","38,484.00","39,668.00","40,863.00","43,368.00","47,109.00","52,171.00","57,420.00","61,194.00"
        Landed Properties,"22,423.00","22,764.00","23,081.00","22,673.00","22,755.00","22,503.00","22,206.00","21,797.00","21,433.00","21,152.00","20,672.00","19,973.00","19,460.00","19,013.00","18,434.00","17,786.00","17,663.00","17,793.00","17,831.00","18,071.00"
        Other Types Of Dwelling,"2,770.00","2,647.00","2,609.00","2,523.00","2,401.00","2,404.00","2,361.00","2,459.00","2,757.00","2,864.00","2,801.00","2,713.00","2,789.00","2,696.00","2,390.00","2,236.00","2,213.00","2,050.00","1,908.00","1,876.00"
50-54 Years,"206,657.00","223,842.00","230,367.00","233,180.00","244,110.00","254,168.00","266,994.00","279,220.00","289,189.00","297,383.00","303,044.00","308,130.00","310,376.00","312,988.00","315,503.00","315,091.00","315,598.00","312,814.00","308,965.00","301,682.00"
        Total HDB Dwellings,"171,020.00","184,889.00","190,082.00","193,637.00","202,095.00","209,558.00","219,772.00","229,673.00","238,500.00","245,139.00","249,941.00","253,979.00","255,239.00","256,259.00","256,890.00","255,201.00","253,729.00","248,778.00","242,985.00","234,631.00"
            HDB 1- And 2-room Flats,"7,969.00","7,924.00","7,782.00","7,515.00","7,809.00","7,973.00","8,407.00","8,884.00","9,348.00","9,646.00","10,150.00","10,941.00","11,526.00","12,176.00","12,585.00","12,896.00","13,097.00","12,993.00","12,968.00","12,871.00"
            HDB 3-room Flats,"52,523.00","53,262.00","51,314.00","49,720.00","49,658.00","49,504.00","50,559.00","51,752.00","52,792.00","53,502.00","54,106.00","54,483.00","53,671.00","53,225.00","53,116.00","52,255.00","51,622.00","50,108.00","48,531.00","46,407.00"
            HDB 4-room Flats,"64,362.00","71,274.00","75,304.00","78,090.00","82,293.00","86,207.00","90,692.00","94,850.00","98,129.00","100,477.00","101,970.00","103,143.00","103,494.00","103,995.00","104,422.00","103,721.00","103,107.00","101,111.00","98,342.00","94,498.00"
            HDB 5-room And Executive Flats,"44,115.00","50,460.00","54,122.00","57,114.00","61,251.00","64,839.00","69,038.00","73,092.00","77,201.00","80,480.00","82,686.00","84,560.00","85,709.00","86,208.00","86,470.00","86,096.00","85,688.00","84,566.00","83,144.00","80,855.00"
        Condominiums & Other Apartments,"13,333.00","15,460.00","17,088.00","17,367.00","19,409.00","21,418.00","23,631.00","25,300.00","26,088.00","27,296.00","28,639.00","29,979.00","31,231.00","32,837.00","35,013.00","37,050.00","39,624.00","42,581.00","45,106.00","47,021.00"
        Landed Properties,"19,781.00","21,029.00","20,896.00","20,066.00","20,467.00","20,941.00","21,323.00","21,845.00","22,098.00","22,358.00","21,911.00","21,586.00","21,251.00","21,145.00","20,888.00","20,210.00","19,754.00","19,132.00","18,653.00","17,997.00"
        Other Types Of Dwelling,"2,523.00","2,464.00","2,301.00","2,110.00","2,139.00","2,251.00","2,268.00","2,402.00","2,503.00","2,590.00","2,553.00","2,586.00","2,655.00","2,747.00","2,712.00","2,630.00","2,491.00","2,323.00","2,221.00","2,033.00"
55-59 Years,"125,061.00","125,449.00","143,175.00","157,894.00","174,788.00","197,803.00","214,601.00","220,983.00","229,356.00","239,947.00","248,696.00","260,678.00","271,817.00","281,069.00","288,392.00","295,063.00","299,591.00","301,678.00","304,390.00","306,759.00"
        Total HDB Dwellings,"104,748.00","104,153.00","118,421.00","131,123.00","144,495.00","163,160.00","176,833.00","182,376.00","190,143.00","198,918.00","206,206.00","216,258.00","225,488.00","232,703.00","238,087.00","243,163.00","245,893.00","246,038.00","246,817.00","247,491.00"
            HDB 1- And 2-room Flats,"6,378.00","5,860.00","6,358.00","6,548.00","7,047.00","7,890.00","8,476.00","8,616.00","8,774.00","9,197.00","9,518.00","10,389.00","11,230.00","12,233.00","13,183.00","14,367.00","14,734.00","14,965.00","15,200.00","15,275.00"
            HDB 3-room Flats,"35,988.00","33,861.00","36,750.00","39,383.00","41,373.00","44,517.00","46,500.00","46,201.00","46,796.00","47,883.00","48,529.00","49,841.00","50,649.00","50,882.00","50,994.00","51,412.00","51,321.00","50,563.00","50,323.00","50,296.00"
            HDB 4-room Flats,"37,587.00","38,419.00","44,792.00","50,164.00","56,077.00","64,067.00","70,030.00","72,804.00","76,668.00","80,518.00","84,079.00","88,288.00","92,384.00","95,096.00","96,988.00","98,349.00","99,454.00","99,553.00","99,937.00","100,231.00"
            HDB 5-room And Executive Flats,"23,738.00","24,957.00","29,517.00","34,079.00","39,057.00","45,637.00","50,734.00","53,661.00","57,023.00","60,437.00","63,245.00","67,000.00","70,470.00","73,820.00","76,605.00","78,799.00","80,158.00","80,957.00","81,357.00","81,689.00"
        Condominiums & Other Apartments,"6,746.00","7,533.00","9,379.00","10,571.00","12,572.00","14,708.00","16,692.00","17,511.00","17,846.00","19,199.00","20,489.00","22,215.00","23,473.00","25,123.00","26,805.00","28,583.00","30,517.00","32,900.00","35,127.00","37,022.00"
        Landed Properties,"11,595.00","11,997.00","13,587.00","14,449.00","15,882.00","17,863.00","18,955.00","18,968.00","19,062.00","19,487.00","19,608.00","19,760.00","20,350.00","20,669.00","20,967.00","20,815.00","20,642.00","20,222.00","19,936.00","19,719.00"
        Other Types Of Dwelling,"1,972.00","1,766.00","1,788.00","1,751.00","1,839.00","2,072.00","2,121.00","2,128.00","2,305.00","2,343.00","2,393.00","2,445.00","2,506.00","2,574.00","2,533.00","2,502.00","2,539.00","2,518.00","2,510.00","2,527.00"
60-64 Years,"110,503.00","118,506.00","123,438.00","121,724.00","122,736.00","117,575.00","118,242.00","135,501.00","153,161.00","169,696.00","191,995.00","208,160.00","213,996.00","222,154.00","231,502.00","240,493.00","251,853.00","262,651.00","271,688.00","278,828.00"
        Total HDB Dwellings,"93,037.00","99,874.00","104,076.00","102,980.00","103,203.00","97,994.00","97,796.00","111,864.00","126,698.00","140,100.00","158,647.00","171,949.00","177,048.00","183,838.00","191,479.00","198,879.00","208,022.00","216,223.00","223,221.00","229,076.00"
            HDB 1- And 2-room Flats,"7,009.00","7,226.00","7,806.00","7,130.00","7,055.00","6,356.00","6,319.00","6,974.00","7,654.00","8,197.00","9,167.00","10,132.00","10,566.00","11,258.00","12,274.00","13,579.00","14,682.00","15,605.00","16,467.00","16,892.00"
            HDB 3-room Flats,"34,090.00","35,449.00","35,355.00","34,196.00","32,786.00","29,945.00","28,904.00","32,454.00","35,815.00","38,688.00","42,593.00","44,639.00","44,142.00","44,102.00","44,528.00","44,863.00","45,833.00","46,618.00","47,399.00","47,658.00"
            HDB 4-room Flats,"31,818.00","34,875.00","37,221.00","37,540.00","38,221.00","36,625.00","36,845.00","42,444.00","48,430.00","53,890.00","61,611.00","67,344.00","69,882.00","73,357.00","76,872.00","80,212.00","83,959.00","87,650.00","89,921.00","92,300.00"
            HDB 5-room And Executive Flats,"19,406.00","21,572.00","23,029.00","23,615.00","24,662.00","24,555.00","25,180.00","29,349.00","34,162.00","38,648.00","44,515.00","49,153.00","51,764.00","54,558.00","57,488.00","59,993.00","63,316.00","66,350.00","69,434.00","72,226.00"
        Condominiums & Other Apartments,"5,228.00","5,980.00","6,570.00","6,635.00","7,237.00","7,610.00","8,353.00","9,887.00","11,082.00","12,699.00","14,547.00","16,208.00","17,016.00","17,974.00","19,388.00","20,786.00","22,506.00","24,474.00","26,336.00","27,444.00"
        Landed Properties,"10,400.00","10,775.00","10,968.00","10,499.00","10,716.00","10,407.00","10,658.00","12,165.00","13,488.00","14,817.00","16,502.00","17,556.00","17,580.00","17,841.00","18,130.00","18,313.00","18,733.00","19,315.00","19,466.00","19,623.00"
        Other Types Of Dwelling,"1,838.00","1,877.00","1,824.00","1,610.00","1,580.00","1,564.00","1,435.00","1,585.00","1,893.00","2,080.00","2,299.00","2,447.00","2,352.00","2,501.00","2,505.00","2,515.00","2,592.00","2,639.00","2,665.00","2,685.00"
65-69 Years,"88,305.00","89,676.00","89,587.00","89,883.00","96,007.00","101,088.00","108,837.00","113,757.00","115,185.00","116,258.00","111,511.00","112,396.00","128,879.00","145,817.00","161,198.00","182,425.00","198,020.00","203,969.00","212,101.00","221,296.00"
        Total HDB Dwellings,"74,218.00","75,330.00","75,141.00","75,802.00","80,743.00","84,450.00","91,061.00","95,348.00","96,395.00","97,159.00","92,739.00","92,727.00","106,322.00","119,928.00","132,053.00","149,609.00","162,333.00","166,911.00","173,904.00","181,847.00"
            HDB 1- And 2-room Flats,"7,008.00","6,745.00","6,668.00","6,400.00","6,766.00","7,045.00","7,432.00","7,767.00","7,585.00","7,435.00","6,793.00","6,866.00","7,812.00","8,922.00","9,991.00","12,029.00","13,182.00","13,963.00","14,855.00","15,680.00"
            HDB 3-room Flats,"25,515.00","25,757.00","25,276.00","25,623.00","26,862.00","27,560.00","29,188.00","30,017.00","29,951.00","29,542.00","27,574.00","26,807.00","29,976.00","32,647.00","34,948.00","38,220.00","40,443.00","40,076.00","40,493.00","41,384.00"
            HDB 4-room Flats,"26,327.00","26,785.00","26,830.00","26,838.00","28,549.00","29,889.00","32,666.00","34,373.00","35,082.00","35,757.00","34,339.00","34,502.00","39,957.00","45,325.00","50,428.00","57,367.00","62,612.00","64,843.00","68,151.00","71,624.00"
            HDB 5-room And Executive Flats,"14,961.00","15,643.00","15,971.00","16,623.00","18,249.00","19,615.00","21,397.00","22,770.00","23,435.00","24,050.00","23,637.00","24,188.00","28,147.00","32,616.00","36,424.00","41,764.00","45,863.00","48,029.00","50,405.00","53,159.00"
        Condominiums & Other Apartments,"3,724.00","4,108.00","4,396.00","4,423.00","5,161.00","5,969.00","6,745.00","7,153.00","7,268.00","7,362.00","7,507.00","8,089.00","9,527.00","11,333.00","13,213.00","15,103.00","16,736.00","18,007.00","18,789.00","19,671.00"
        Landed Properties,"8,381.00","8,445.00","8,444.00","8,273.00","8,727.00","9,155.00","9,466.00","9,627.00","9,596.00","9,848.00","9,526.00","9,888.00","11,218.00","12,513.00","13,729.00","15,292.00","16,342.00","16,439.00","16,606.00","16,892.00"
        Other Types Of Dwelling,"1,982.00","1,793.00","1,606.00","1,385.00","1,376.00","1,514.00","1,565.00","1,629.00","1,926.00","1,889.00","1,739.00","1,692.00","1,812.00","2,043.00","2,203.00","2,421.00","2,609.00","2,612.00","2,802.00","2,886.00"
70-74 Years,"66,948.00","69,048.00","70,642.00","70,002.00","72,485.00","76,545.00","78,317.00","78,631.00","81,307.00","87,428.00","92,618.00","100,073.00","104,414.00","105,746.00","106,815.00","102,631.00","103,796.00","119,494.00","135,546.00","150,127.00"
        Total HDB Dwellings,"55,028.00","56,806.00","58,231.00","58,325.00","60,638.00","63,895.00","65,303.00","65,404.00","67,366.00","72,454.00","76,784.00","83,082.00","86,768.00","87,588.00","87,994.00","84,178.00","84,462.00","96,995.00","109,823.00","121,738.00"
            HDB 1- And 2-room Flats,"6,372.00","6,250.00","6,388.00","5,940.00","6,126.00","6,326.00","6,433.00","6,330.00","6,356.00","6,664.00","6,923.00","7,427.00","7,804.00","7,819.00","7,858.00","7,620.00","7,774.00","9,061.00","10,435.00","11,608.00"
            HDB 3-room Flats,"17,500.00","17,823.00","18,054.00","18,332.00","19,058.00","19,796.00","20,213.00","20,407.00","21,115.00","22,818.00","24,311.00","25,898.00","26,361.00","26,005.00","25,391.00","23,651.00","23,169.00","26,170.00","29,048.00","31,302.00"
            HDB 4-room Flats,"19,361.00","20,252.00","20,989.00","21,177.00","21,965.00","23,237.00","23,593.00","23,407.00","23,978.00","25,617.00","27,130.00","29,648.00","31,289.00","31,852.00","32,357.00","31,086.00","31,278.00","36,278.00","41,009.00","45,727.00"
            HDB 5-room And Executive Flats,"11,494.00","12,186.00","12,552.00","12,680.00","13,331.00","14,347.00","14,858.00","15,024.00","15,722.00","17,129.00","18,172.00","19,860.00","21,065.00","21,695.00","22,224.00","21,671.00","22,095.00","25,486.00","29,331.00","33,101.00"
        Condominiums & Other Apartments,"2,984.00","3,244.00","3,440.00","3,332.00","3,516.00","3,886.00","4,223.00","4,496.00","4,671.00","5,152.00","5,705.00","6,365.00","6,734.00","7,166.00","7,491.00","7,614.00","8,228.00","10,080.00","11,883.00","13,305.00"
        Landed Properties,"6,786.00","6,994.00","7,186.00","6,887.00","6,961.00","7,220.00","7,370.00","7,346.00","7,499.00","7,959.00","8,272.00","8,570.00","8,842.00","8,897.00","9,180.00","8,872.00","9,217.00","10,376.00","11,473.00","12,501.00"
        Other Types Of Dwelling,"2,150.00","2,004.00","1,785.00","1,458.00","1,370.00","1,544.00","1,421.00","1,385.00","1,771.00","1,863.00","1,857.00","2,056.00","2,070.00","2,095.00","2,150.00","1,967.00","1,889.00","2,043.00","2,367.00","2,583.00"
75-79 Years,"39,644.00","42,501.00","45,830.00","42,863.00","47,875.00","51,601.00","54,413.00","56,732.00","59,001.00","61,490.00","65,178.00","66,909.00","67,675.00","70,619.00","76,294.00","81,211.00","87,955.00","91,953.00","93,327.00","94,600.00"
        Total HDB Dwellings,"32,314.00","34,493.00","37,234.00","35,465.00","39,539.00","41,998.00","44,335.00","46,288.00","47,787.00","50,092.00","53,333.00","54,675.00","55,218.00","57,446.00","62,050.00","66,019.00","71,583.00","74,697.00","75,648.00","76,526.00"
            HDB 1- And 2-room Flats,"3,819.00","4,090.00","4,491.00","3,571.00","4,128.00","4,404.00","4,690.00","4,958.00","5,038.00","5,149.00","5,314.00","5,494.00","5,540.00","5,777.00","6,113.00","6,664.00","7,205.00","7,619.00","7,665.00","7,791.00"
            HDB 3-room Flats,"9,967.00","10,487.00","11,125.00","10,593.00","11,734.00","12,224.00","12,909.00","13,512.00","14,050.00","14,920.00","16,059.00","16,466.00","16,629.00","17,148.00","18,562.00","19,760.00","21,281.00","21,805.00","21,850.00","21,606.00"
            HDB 4-room Flats,"11,199.00","12,032.00","13,135.00","13,095.00","14,466.00","15,306.00","16,158.00","16,701.00","17,392.00","18,150.00","19,385.00","19,696.00","19,681.00","20,419.00","21,987.00","23,323.00","25,498.00","26,897.00","27,409.00","27,926.00"
            HDB 5-room And Executive Flats,"7,094.00","7,659.00","8,300.00","8,069.00","9,082.00","9,925.00","10,437.00","10,970.00","11,191.00","11,759.00","12,457.00","12,919.00","13,244.00","13,978.00","15,291.00","16,174.00","17,487.00","18,376.00","18,724.00","19,203.00"
        Condominiums & Other Apartments,"1,789.00","2,059.00","2,288.00","2,047.00","2,372.00","2,809.00","3,042.00","3,209.00","3,217.00","3,316.00","3,552.00","3,850.00","4,118.00","4,491.00","5,082.00","5,664.00","6,199.00","6,823.00","7,128.00","7,311.00"
        Landed Properties,"4,242.00","4,437.00","4,650.00","4,239.00","4,749.00","5,291.00","5,581.00","5,820.00","6,002.00","6,057.00","6,284.00","6,396.00","6,434.00","6,711.00","7,068.00","7,367.00","7,736.00","7,917.00","7,892.00","8,169.00"
        Other Types Of Dwelling,"1,299.00","1,512.00","1,658.00","1,112.00","1,215.00","1,503.00","1,455.00","1,415.00","1,995.00","2,025.00","2,009.00","1,988.00","1,905.00","1,971.00","2,094.00","2,161.00","2,437.00","2,516.00","2,659.00","2,594.00"
80-84 Years,"22,876.00","23,897.00","25,213.00","25,783.00","26,864.00","27,879.00","29,443.00","31,519.00","33,882.00","37,143.00","39,839.00","42,145.00","44,115.00","46,199.00","48,418.00","51,785.00","53,556.00","54,341.00","57,103.00","62,293.00"
        Total HDB Dwellings,"18,404.00","19,172.00","20,309.00","20,888.00","21,667.00","22,107.00","23,407.00","25,134.00","26,570.00","29,116.00","31,332.00","33,086.00","34,738.00","36,452.00","38,433.00","41,364.00","42,687.00","43,021.00","45,012.00","49,238.00"
            HDB 1- And 2-room Flats,"2,088.00","2,163.00","2,383.00","2,315.00","2,356.00","2,381.00","2,484.00","2,594.00","2,668.00","2,996.00","3,196.00","3,396.00","3,577.00","3,825.00","4,006.00","4,385.00","4,500.00","4,559.00","4,828.00","5,209.00"
            HDB 3-room Flats,"5,755.00","5,809.00","5,872.00","6,077.00","6,256.00","6,171.00","6,480.00","7,026.00","7,359.00","8,199.00","8,868.00","9,382.00","9,808.00","10,240.00","10,972.00","11,826.00","12,322.00","12,554.00","13,148.00","14,414.00"
            HDB 4-room Flats,"6,255.00","6,629.00","7,154.00","7,438.00","7,776.00","7,963.00","8,448.00","9,210.00","9,780.00","10,684.00","11,442.00","12,034.00","12,660.00","13,342.00","13,999.00","15,055.00","15,424.00","15,400.00","16,036.00","17,442.00"
            HDB 5-room And Executive Flats,"4,164.00","4,420.00","4,784.00","4,975.00","5,201.00","5,499.00","5,895.00","6,194.00","6,671.00","7,138.00","7,732.00","8,191.00","8,616.00","8,983.00","9,406.00","10,058.00","10,393.00","10,508.00","11,000.00","12,173.00"
        Condominiums & Other Apartments,"1,110.00","1,214.00","1,312.00","1,344.00","1,441.00","1,540.00","1,686.00","1,837.00","1,890.00","2,062.00","2,246.00","2,497.00","2,552.00","2,705.00","2,860.00","3,151.00","3,395.00","3,761.00","4,069.00","4,553.00"
        Landed Properties,"2,598.00","2,741.00","2,829.00","2,829.00","2,952.00","3,085.00","3,177.00","3,370.00","3,559.00","3,922.00","4,249.00","4,524.00","4,814.00","5,005.00","5,099.00","5,216.00","5,318.00","5,411.00","5,621.00","5,925.00"
        Other Types Of Dwelling,764,770,763,722,804,"1,147.00","1,173.00","1,178.00","1,863.00","2,043.00","2,012.00","2,038.00","2,011.00","2,037.00","2,026.00","2,054.00","2,156.00","2,148.00","2,401.00","2,577.00"
85-89 Years,"12,092.00","12,500.00","13,047.00","13,217.00","13,778.00","14,514.00","15,206.00","15,923.00","16,734.00","17,569.00","18,481.00","19,756.00","21,503.00","23,235.00","25,486.00","27,494.00","29,086.00","30,481.00","31,991.00","33,935.00"
        Total HDB Dwellings,"9,529.00","9,840.00","10,252.00","10,485.00","10,869.00","11,039.00","11,606.00","12,296.00","12,456.00","13,011.00","13,844.00","14,816.00","16,192.00","17,480.00","19,121.00","20,791.00","22,030.00","23,120.00","24,217.00","25,905.00"
            HDB 1- And 2-room Flats,"1,226.00","1,204.00","1,256.00","1,241.00","1,316.00","1,279.00","1,336.00","1,371.00","1,334.00","1,328.00","1,384.00","1,517.00","1,645.00","1,794.00","1,963.00","2,131.00","2,261.00","2,440.00","2,541.00","2,690.00"
            HDB 3-room Flats,"2,910.00","2,929.00","3,054.00","3,104.00","3,151.00","3,093.00","3,166.00","3,380.00","3,432.00","3,577.00","3,836.00","4,045.00","4,380.00","4,657.00","5,132.00","5,614.00","6,012.00","6,331.00","6,676.00","7,271.00"
            HDB 4-room Flats,"3,145.00","3,332.00","3,484.00","3,554.00","3,772.00","3,886.00","4,135.00","4,407.00","4,518.00","4,685.00","4,980.00","5,361.00","5,970.00","6,436.00","7,054.00","7,643.00","8,098.00","8,515.00","9,003.00","9,572.00"
            HDB 5-room And Executive Flats,"2,170.00","2,304.00","2,399.00","2,532.00","2,586.00","2,728.00","2,913.00","3,083.00","3,136.00","3,377.00","3,591.00","3,846.00","4,150.00","4,549.00","4,947.00","5,380.00","5,633.00","5,834.00","5,997.00","6,372.00"
        Condominiums & Other Apartments,555,595,672,660,748,865,938,988,977,963,"1,000.00","1,132.00","1,266.00","1,379.00","1,562.00","1,693.00","1,865.00","1,986.00","2,150.00","2,215.00"
        Landed Properties,"1,452.00","1,512.00","1,578.00","1,516.00","1,574.00","1,717.00","1,850.00","1,886.00","1,937.00","2,053.00","2,105.00","2,188.00","2,348.00","2,566.00","2,834.00","3,060.00","3,274.00","3,465.00","3,605.00","3,735.00"
        Other Types Of Dwelling,556,553,545,556,587,893,812,753,"1,364.00","1,542.00","1,532.00","1,620.00","1,697.00","1,810.00","1,969.00","1,950.00","1,917.00","1,910.00","2,019.00","2,080.00"
90 Years & Over,"5,431.00","6,017.00","6,705.00","6,890.00","7,532.00","8,066.00","8,510.00","9,024.00","9,681.00","10,244.00","10,760.00","11,366.00","12,050.00","12,821.00","13,390.00","14,169.00","15,157.00","16,454.00","17,786.00","19,429.00"
        Total HDB Dwellings,"4,170.00","4,594.00","5,143.00","5,288.00","5,705.00","5,649.00","5,990.00","6,451.00","6,410.00","6,729.00","7,141.00","7,568.00","8,158.00","8,748.00","9,138.00","9,732.00","10,404.00","11,462.00","12,414.00","13,540.00"
            HDB 1- And 2-room Flats,587,626,685,698,762,760,796,835,819,860,834,868,980,"1,038.00","1,076.00","1,140.00","1,236.00","1,345.00","1,449.00","1,569.00"
            HDB 3-room Flats,"1,230.00","1,362.00","1,475.00","1,534.00","1,650.00","1,563.00","1,597.00","1,722.00","1,668.00","1,767.00","1,938.00","2,043.00","2,177.00","2,337.00","2,397.00","2,592.00","2,765.00","3,041.00","3,262.00","3,570.00"
            HDB 4-room Flats,"1,410.00","1,552.00","1,757.00","1,821.00","1,945.00","1,892.00","2,058.00","2,229.00","2,208.00","2,311.00","2,496.00","2,645.00","2,846.00","3,070.00","3,246.00","3,468.00","3,719.00","4,140.00","4,463.00","4,898.00"
            HDB 5-room And Executive Flats,901,"1,005.00","1,178.00","1,204.00","1,317.00","1,401.00","1,507.00","1,632.00","1,692.00","1,767.00","1,845.00","1,986.00","2,124.00","2,273.00","2,395.00","2,515.00","2,666.00","2,936.00","3,240.00","3,503.00"
        Condominiums & Other Apartments,192,247,288,301,351,421,461,499,482,526,585,639,673,709,752,818,908,"1,037.00","1,094.00","1,187.00"
        Landed Properties,636,693,771,780,817,915,999,"1,083.00","1,104.00","1,159.00","1,257.00","1,387.00","1,458.00","1,517.00","1,592.00","1,686.00","1,798.00","1,916.00","2,080.00","2,271.00"
        Other Types Of Dwelling,433,483,503,521,659,"1,081.00","1,060.00",991,"1,685.00","1,830.00","1,777.00","1,772.00","1,761.00","1,847.00","1,908.00","1,933.00","2,047.00","2,039.00","2,198.00","2,431.00"
,,,,,,,,,,,,,,,,,,,,
Residents comprise Singapore citizens and permanent residents.  Data from 2003 onwards exclude residents who have been away from Singapore for a continuous period of 12 months or longer as at the reference period.,,,,,,,,,,,,,,,,,,,,
,,,,,,,,,,,,,,,,,,,,
  TOTAL HDB DWELLINGS - Includes non-privatised Housing and Urban Development Corporation (HUDC) flats prior to 2017.,,,,,,,,,,,,,,,,,,,,
   HDB 1- AND 2-ROOM FLATS - Includes HDB studio apartments.,,,,,,,,,,,,,,,,,,,,
  TOTAL HDB DWELLINGS - Includes non-privatised Housing and Urban Development Corporation (HUDC) flats prior to 2017.,,,,,,,,,,,,,,,,,,,,
   HDB 1- AND 2-ROOM FLATS - Includes HDB studio apartments.,,,,,,,,,,,,,,,,,,,,
  TOTAL HDB DWELLINGS - Includes non-privatised Housing and Urban Development Corporation (HUDC) flats prior to 2017.,,,,,,,,,,,,,,,,,,,,
   HDB 1- AND 2-ROOM FLATS - Includes HDB studio apartments.,,,,,,,,,,,,,,,,,,,,
  TOTAL HDB DWELLINGS - Includes non-privatised Housing and Urban Development Corporation (HUDC) flats prior to 2017.,,,,,,,,,,,,,,,,,,,,
   HDB 1- AND 2-ROOM FLATS - Includes HDB studio apartments.,,,,,,,,,,,,,,,,,,,,
  TOTAL HDB DWELLINGS - Includes non-privatised Housing and Urban Development Corporation (HUDC) flats prior to 2017.,,,,,,,,,,,,,,,,,,,,
   HDB 1- AND 2-ROOM FLATS - Includes HDB studio apartments.,,,,,,,,,,,,,,,,,,,,
  TOTAL HDB DWELLINGS - Includes non-privatised Housing and Urban Development Corporation (HUDC) flats prior to 2017.,,,,,,,,,,,,,,,,,,,,
   HDB 1- AND 2-ROOM FLATS - Includes HDB studio apartments.,,,,,,,,,,,,,,,,,,,,
  TOTAL HDB DWELLINGS - Includes non-privatised Housing and Urban Development Corporation (HUDC) flats prior to 2017.,,,,,,,,,,,,,,,,,,,,
   HDB 1- AND 2-ROOM FLATS - Includes HDB studio apartments.,,,,,,,,,,,,,,,,,,,,
  TOTAL HDB DWELLINGS - Includes non-privatised Housing and Urban Development Corporation (HUDC) flats prior to 2017.,,,,,,,,,,,,,,,,,,,,
   HDB 1- AND 2-ROOM FLATS - Includes HDB studio apartments.,,,,,,,,,,,,,,,,,,,,
  TOTAL HDB DWELLINGS - Includes non-privatised Housing and Urban Development Corporation (HUDC) flats prior to 2017.,,,,,,,,,,,,,,,,,,,,
   HDB 1- AND 2-ROOM FLATS - Includes HDB studio apartments.,,,,,,,,,,,,,,,,,,,,
  TOTAL HDB DWELLINGS - Includes non-privatised Housing and Urban Development Corporation (HUDC) flats prior to 2017.,,,,,,,,,,,,,,,,,,,,
   HDB 1- AND 2-ROOM FLATS - Includes HDB studio apartments.,,,,,,,,,,,,,,,,,,,,
  TOTAL HDB DWELLINGS - Includes non-privatised Housing and Urban Development Corporation (HUDC) flats prior to 2017.,,,,,,,,,,,,,,,,,,,,
   HDB 1- AND 2-ROOM FLATS - Includes HDB studio apartments.,,,,,,,,,,,,,,,,,,,,
  TOTAL HDB DWELLINGS - Includes non-privatised Housing and Urban Development Corporation (HUDC) flats prior to 2017.,,,,,,,,,,,,,,,,,,,,
   HDB 1- AND 2-ROOM FLATS - Includes HDB studio apartments.,,,,,,,,,,,,,,,,,,,,
  TOTAL HDB DWELLINGS - Includes non-privatised Housing and Urban Development Corporation (HUDC) flats prior to 2017.,,,,,,,,,,,,,,,,,,,,
   HDB 1- AND 2-ROOM FLATS - Includes HDB studio apartments.,,,,,,,,,,,,,,,,,,,,
  TOTAL HDB DWELLINGS - Includes non-privatised Housing and Urban Development Corporation (HUDC) flats prior to 2017.,,,,,,,,,,,,,,,,,,,,
   HDB 1- AND 2-ROOM FLATS - Includes HDB studio apartments.,,,,,,,,,,,,,,,,,,,,
  TOTAL HDB DWELLINGS - Includes non-privatised Housing and Urban Development Corporation (HUDC) flats prior to 2017.,,,,,,,,,,,,,,,,,,,,
   HDB 1- AND 2-ROOM FLATS - Includes HDB studio apartments.,,,,,,,,,,,,,,,,,,,,
  TOTAL HDB DWELLINGS - Includes non-privatised Housing and Urban Development Corporation (HUDC) flats prior to 2017.,,,,,,,,,,,,,,,,,,,,
   HDB 1- AND 2-ROOM FLATS - Includes HDB studio apartments.,,,,,,,,,,,,,,,,,,,,
  TOTAL HDB DWELLINGS - Includes non-privatised Housing and Urban Development Corporation (HUDC) flats prior to 2017.,,,,,,,,,,,,,,,,,,,,
   HDB 1- AND 2-ROOM FLATS - Includes HDB studio apartments.,,,,,,,,,,,,,,,,,,,,
  TOTAL HDB DWELLINGS - Includes non-privatised Housing and Urban Development Corporation (HUDC) flats prior to 2017.,,,,,,,,,,,,,,,,,,,,
   HDB 1- AND 2-ROOM FLATS - Includes HDB studio apartments.,,,,,,,,,,,,,,,,,,,,
  TOTAL HDB DWELLINGS - Includes non-privatised Housing and Urban Development Corporation (HUDC) flats prior to 2017.,,,,,,,,,,,,,,,,,,,,
   HDB 1- AND 2-ROOM FLATS - Includes HDB studio apartments.,,,,,,,,,,,,,,,,,,,,
  TOTAL HDB DWELLINGS - Includes non-privatised Housing and Urban Development Corporation (HUDC) flats prior to 2017.,,,,,,,,,,,,,,,,,,,,
   HDB 1- AND 2-ROOM FLATS - Includes HDB studio apartments.,,,,,,,,,,,,,,,,,,,,
,,,,,,,,,,,,,,,,,,,,
SOURCE: SINGAPORE DEPARTMENT OF STATISTICS,,,,,,,,,,,,,,,,,,,,
,,,,,,,,,,,,,,,,,,,,
,,,,,,,,,,,,,,,,,,,,
,,,,,,,,,,,,,,,,,,,,
,,,,,,,,,,,,,,,,,,,,
Generated by: SingStat Table Builder,,,,,,,,,,,,,,,,,,,,
Date generated: 28/06/2020,,,,,,,,,,,,,,,,,,,,
Contact: info@singstat.gov.sg,,,,,,,,,,,,,,,,,,,,
