SIBOR DATE,SIBOR 1M,SIBOR 3M,SIBOR 6M,SIBOR 12M
2/1/2014,0.35369,0.40267,0.48191,0.59728
3/1/2014,0.35057,0.40267,0.48191,0.59728
6/1/2014,0.3552,0.40361,0.48191,0.59728
7/1/2014,0.3552,0.40361,0.48191,0.59728
8/1/2014,0.3552,0.40461,0.48191,0.59728
9/1/2014,0.3552,0.40461,0.48191,0.59728
10/1/2014,0.3552,0.4046,0.48191,0.59727
13/1/2014,0.3552,0.40461,0.48191,0.59728
14/1/2014,0.3552,0.40461,0.48191,0.59728
15/1/2014,0.3552,0.40503,0.48191,0.59728
16/1/2014,0.3552,0.40503,0.48191,0.59728
17/1/2014,0.3552,0.40503,0.48191,0.59728
20/1/2014,0.3552,0.40503,0.48191,0.59728
21/1/2014,0.3552,0.40503,0.48191,0.59728
22/1/2014,0.3552,0.40503,0.48191,0.59728
23/1/2014,0.3552,0.40503,0.48191,0.59728
24/1/2014,0.3552,0.40503,0.48191,0.59728
27/1/2014,0.3552,0.40503,0.48191,0.59728
28/1/2014,0.3552,0.40503,0.48191,0.59728
29/1/2014,0.3552,0.40503,0.48191,0.59728
30/1/2014,0.3552,0.40503,0.48191,0.59728
3/2/2014,0.3552,0.40503,0.48191,0.59728
4/2/2014,0.3552,0.40503,0.48191,0.59728
5/2/2014,0.3552,0.40503,0.48191,0.59728
6/2/2014,0.3552,0.40503,0.48191,0.59728
7/2/2014,0.3552,0.40503,0.48191,0.59728
10/2/2014,0.3552,0.40503,0.48191,0.59728
11/2/2014,0.3552,0.40503,0.48191,0.59728
12/2/2014,0.35457,0.40303,0.48191,0.59528
13/2/2014,0.35459,0.40303,0.48141,0.5948
14/2/2014,0.3543,0.40303,0.48141,0.5948
17/2/2014,0.35534,0.40303,0.48141,0.5948
18/2/2014,0.35534,0.40305,0.48141,0.59477
19/2/2014,0.35534,0.40305,0.48141,0.59477
20/2/2014,0.35434,0.39196,0.48141,0.59477
21/2/2014,0.35434,0.38885,0.48141,0.59402
24/2/2014,0.35434,0.40205,0.48141,0.59402
25/2/2014,0.35434,0.40205,0.48141,0.59402
26/2/2014,0.35434,0.40205,0.48141,0.59402
27/2/2014,0.3535,0.40205,0.48141,0.59402
28/2/2014,0.35434,0.40205,0.48141,0.59402
3/3/2014,0.35434,0.40205,0.48141,0.59402
4/3/2014,0.35434,0.40205,0.48141,0.59402
5/3/2014,0.35372,0.40205,0.48141,0.59402
6/3/2014,0.35372,0.40205,0.48141,0.59402
7/3/2014,0.35372,0.40205,0.48141,0.59402
10/3/2014,0.35372,0.40205,0.48141,0.59402
11/3/2014,0.35472,0.40205,0.48141,0.59402
12/3/2014,0.35472,0.40205,0.48141,0.59402
13/3/2014,0.35472,0.40205,0.48141,0.59402
14/3/2014,0.35472,0.40205,0.48141,0.59402
17/3/2014,0.35472,0.40205,0.48141,0.59402
18/3/2014,0.35472,0.40205,0.48141,0.59402
19/3/2014,0.35472,0.40205,0.48141,0.59402
20/3/2014,0.35472,0.40205,0.48141,0.59402
21/3/2014,0.35572,0.40305,0.48141,0.59402
24/3/2014,0.35884,0.40568,0.48141,0.59477
25/3/2014,0.35884,0.40568,0.48141,0.59477
26/3/2014,0.35784,0.40568,0.48141,0.59477
27/3/2014,0.35884,0.40568,0.48141,0.59477
28/3/2014,0.36034,0.40626,0.47741,0.59027
31/3/2014,0.36034,0.40626,0.47741,0.59027
1/4/2014,0.35934,0.40526,0.47741,0.59027
2/4/2014,0.35584,0.40213,0.47179,0.59027
3/4/2014,0.35742,0.40526,0.47741,0.59027
4/4/2014,0.35884,0.40376,0.47741,0.59027
7/4/2014,0.35784,0.40376,0.47741,0.59027
8/4/2014,0.35784,0.40376,0.47741,0.59027
9/4/2014,0.35684,0.40376,0.47741,0.59027
10/4/2014,0.35684,0.40376,0.47741,0.59027
11/4/2014,0.35684,0.40376,0.47741,0.59027
14/4/2014,0.35784,0.40376,0.47741,0.59027
15/4/2014,0.35784,0.40376,0.47741,0.59265
16/4/2014,0.35784,0.40376,0.47741,0.59265
17/4/2014,0.35472,0.40376,0.47741,0.59265
21/4/2014,0.35784,0.40376,0.47741,0.59265
22/4/2014,0.35842,0.40376,0.47741,0.59265
23/4/2014,0.35909,0.40376,0.47741,0.59265
24/4/2014,0.35647,0.40376,0.47741,0.59265
25/4/2014,0.35622,0.40376,0.47741,0.59265
28/4/2014,0.35622,0.40376,0.47741,0.59265
29/4/2014,0.35622,0.40376,0.47741,0.59265
30/4/2014,0.35622,0.40376,0.47741,0.59499
2/5/2014,0.35622,0.40376,0.47741,0.59499
5/5/2014,0.35622,0.40376,0.47741,0.59499
6/5/2014,0.35622,0.40376,0.48054,0.59499
7/5/2014,0.35522,0.40376,0.48054,0.59499
8/5/2014,0.35522,0.40376,0.48054,0.59499
9/5/2014,0.35472,0.40376,0.48054,0.59499
12/5/2014,0.35472,0.40376,0.48054,0.59499
14/5/2014,0.35472,0.40376,0.48054,0.59499
15/5/2014,0.35472,0.40376,0.48054,0.59499
16/5/2014,0.35472,0.40376,0.48054,0.59499
19/5/2014,0.35784,0.40376,0.48054,0.59499
20/5/2014,0.35784,0.40376,0.48054,0.59499
21/5/2014,0.35784,0.40376,0.48054,0.59499
22/5/2014,0.35784,0.40376,0.48054,0.59499
23/5/2014,0.35784,0.40376,0.48054,0.59499
26/5/2014,0.35784,0.40376,0.48154,0.59499
27/5/2014,0.35784,0.40376,0.48154,0.59499
28/5/2014,0.35784,0.40376,0.48154,0.59499
29/5/2014,0.35784,0.40376,0.48154,0.59499
30/5/2014,0.35784,0.40376,0.48154,0.59499
2/6/2014,0.35784,0.40376,0.48154,0.59499
3/6/2014,0.35784,0.40376,0.48154,0.59499
4/6/2014,0.35784,0.40376,0.48154,0.59499
5/6/2014,0.35542,0.40376,0.48154,0.59499
6/6/2014,0.35784,0.40376,0.48154,0.59499
9/6/2014,0.35784,0.40376,0.48154,0.59499
10/6/2014,0.35784,0.40376,0.48154,0.59499
11/6/2014,0.35784,0.40376,0.48154,0.59499
12/6/2014,0.35784,0.40376,0.48154,0.59499
13/6/2014,0.35784,0.40376,0.48154,0.59499
16/6/2014,0.35784,0.40376,0.47954,0.59499
17/6/2014,0.35784,0.40376,0.47954,0.59499
18/6/2014,0.35784,0.40376,0.47954,0.59499
19/6/2014,0.35472,0.40376,0.47954,0.59499
20/6/2014,0.35372,0.40376,0.47954,0.59499
23/6/2014,0.35372,0.40376,0.47954,0.59499
24/6/2014,0.35372,0.40376,0.47954,0.59499
25/6/2014,0.34332,0.40376,0.47954,0.59499
26/6/2014,0.34159,0.40376,0.47954,0.59499
27/6/2014,0.34159,0.40376,0.47954,0.59499
30/6/2014,0.34159,0.40376,0.47641,0.59499
1/7/2014,0.34159,0.40376,0.47954,0.59499
2/7/2014,0.34159,0.40376,0.47954,0.59499
3/7/2014,0.34192,0.40376,0.47641,0.59499
4/7/2014,0.34365,0.40376,0.47954,0.59499
7/7/2014,0.34192,0.40376,0.47954,0.59499
8/7/2014,0.34192,0.40376,0.47954,0.59499
9/7/2014,0.34192,0.40376,0.47954,0.59499
10/7/2014,0.34192,0.40376,0.47954,0.59499
11/7/2014,0.34192,0.40376,0.47954,0.59499
14/7/2014,0.34192,0.40376,0.47954,0.59499
15/7/2014,0.34192,0.40376,0.47954,0.59499
16/7/2014,0.34192,0.40376,0.47954,0.59499
17/7/2014,0.34192,0.40376,0.47954,0.59499
18/7/2014,0.34192,0.40376,0.47954,0.59499
21/7/2014,0.34192,0.40376,0.47954,0.59499
22/7/2014,0.34192,0.40376,0.47954,0.59499
23/7/2014,0.34192,0.40376,0.47954,0.59499
24/7/2014,0.34192,0.40376,0.47954,0.59499
25/7/2014,0.34054,0.40063,0.47329,0.59499
29/7/2014,0.34192,0.40376,0.47954,0.59499
30/7/2014,0.34192,0.40376,0.47954,0.59499
31/7/2014,0.34192,0.40376,0.47641,0.59499
1/8/2014,0.34192,0.40376,0.47954,0.59499
4/8/2014,0.34192,0.40376,0.47954,0.59499
5/8/2014,0.34192,0.40376,0.47954,0.59499
6/8/2014,0.34192,0.40376,0.47954,0.59499
7/8/2014,0.34192,0.40376,0.47954,0.59499
8/8/2014,0.34192,0.40376,0.47954,0.59499
11/8/2014,0.34192,0.40376,0.47954,0.59499
12/8/2014,0.34192,0.40376,0.47954,0.59499
13/8/2014,0.34192,0.40376,0.47954,0.59499
14/8/2014,0.32975,0.40376,0.47954,0.59499
15/8/2014,0.3295,0.40376,0.47954,0.59499
18/8/2014,0.34192,0.40376,0.47954,0.59499
19/8/2014,0.34192,0.40376,0.47954,0.59499
20/8/2014,0.34084,0.40376,0.47954,0.59499
21/8/2014,0.34192,0.40376,0.47954,0.59499
22/8/2014,0.33892,0.40726,0.48454,0.60049
25/8/2014,0.33792,0.40726,0.48454,0.60049
26/8/2014,0.3396,0.40726,0.48454,0.60049
27/8/2014,0.3396,0.40726,0.48454,0.60049
28/8/2014,0.3396,0.40726,0.48454,0.60049
29/8/2014,0.33892,0.40726,0.48454,0.60049
1/9/2014,0.3396,0.40726,0.48454,0.60049
2/9/2014,0.3396,0.40726,0.48454,0.60361
3/9/2014,0.34327,0.40726,0.48454,0.60361
4/9/2014,0.33965,0.40726,0.48454,0.60361
5/9/2014,0.33792,0.40726,0.48454,0.60361
8/9/2014,0.33792,0.40726,0.48454,0.60361
9/9/2014,0.3386,0.40726,0.48454,0.60361
10/9/2014,0.3386,0.40726,0.48454,0.60361
11/9/2014,0.3386,0.40726,0.48554,0.60361
12/9/2014,0.33892,0.40726,0.48554,0.60361
15/9/2014,0.3436,0.40726,0.48754,0.60361
16/9/2014,0.34677,0.40951,0.48654,0.60361
17/9/2014,0.3406,0.40814,0.48554,0.60361
18/9/2014,0.34059,0.40814,0.48654,0.60361
19/9/2014,0.33992,0.40814,0.48654,0.60361
22/9/2014,0.3406,0.40814,0.48654,0.60361
23/9/2014,0.3396,0.40951,0.48654,0.60361
24/9/2014,0.3396,0.40951,0.48654,0.60361
25/9/2014,0.3406,0.40951,0.48754,0.60361
26/9/2014,0.3406,0.40951,0.48754,0.60361
29/9/2014,0.3436,0.40951,0.48754,0.60361
30/9/2014,0.3446,0.40951,0.48754,0.60361
1/10/2014,0.3446,0.40951,0.48754,0.60361
2/10/2014,0.36438,0.40951,0.49618,0.62373
3/10/2014,0.36138,0.40951,0.49618,0.62373
7/10/2014,0.36138,0.40951,0.49618,0.62373
8/10/2014,0.36138,0.40951,0.49618,0.62373
9/10/2014,0.36138,0.40951,0.49518,0.62373
10/10/2014,0.36138,0.40951,0.49518,0.62673
13/10/2014,0.36138,0.40951,0.49518,0.62673
14/10/2014,0.36138,0.40951,0.49518,0.62673
15/10/2014,0.36238,0.41001,0.49518,0.62673
16/10/2014,0.36538,0.41276,0.49518,0.62673
17/10/2014,0.36238,0.41001,0.49518,0.62673
20/10/2014,0.36138,0.41001,0.49518,0.62673
21/10/2014,0.3578,0.41001,0.49518,0.62673
23/10/2014,0.36238,0.41301,0.49518,0.62673
24/10/2014,0.36163,0.41301,0.49752,0.62673
27/10/2014,0.36538,0.41301,0.49752,0.62673
28/10/2014,0.36707,0.41376,0.49752,0.62985
29/10/2014,0.36707,0.41376,0.49752,0.62985
30/10/2014,0.36257,0.41376,0.49752,0.63048
31/10/2014,0.36707,0.41376,0.49752,0.63148
3/11/2014,0.36907,0.41451,0.50464,0.63148
4/11/2014,0.36907,0.41451,0.50464,0.63148
5/11/2014,0.36907,0.41451,0.50464,0.63148
6/11/2014,0.3757,0.41451,0.50677,0.63301
7/11/2014,0.38145,0.41501,0.50664,0.63323
10/11/2014,0.3798,0.41501,0.50664,0.63248
11/11/2014,0.38271,0.41651,0.50752,0.63519
12/11/2014,0.38607,0.41651,0.50585,0.63435
13/11/2014,0.37782,0.41651,0.50564,0.62977
14/11/2014,0.3687,0.41651,0.50564,0.62977
17/11/2014,0.36805,0.41751,0.50764,0.63177
18/11/2014,0.3718,0.41776,0.50764,0.63177
19/11/2014,0.37105,0.41776,0.50864,0.63193
20/11/2014,0.37105,0.41776,0.50864,0.63177
21/11/2014,0.36897,0.41776,0.50864,0.63177
24/11/2014,0.36897,0.41776,0.50877,0.63276
25/11/2014,0.37355,0.42038,0.50989,0.63441
26/11/2014,0.37405,0.42078,0.51089,0.6349
27/11/2014,0.37863,0.43038,0.51089,0.6372
28/11/2014,0.37863,0.4282,0.51089,0.63529
1/12/2014,0.37863,0.43013,0.51089,0.63613
2/12/2014,0.37913,0.43176,0.51089,0.63701
3/12/2014,0.37913,0.43176,0.5119,0.64002
4/12/2014,0.3917,0.4429,0.52649,0.65225
5/12/2014,0.3977,0.44552,0.53877,0.65963
8/12/2014,0.3977,0.44677,0.54083,0.66063
9/12/2014,0.3982,0.44437,0.53664,0.66263
10/12/2014,0.3987,0.44752,0.54108,0.66363
11/12/2014,0.39845,0.44553,0.53789,0.66363
12/12/2014,0.39787,0.4454,0.53476,0.6605
15/12/2014,0.40395,0.44538,0.53789,0.66335
16/12/2014,0.40682,0.44702,0.54101,0.66775
17/12/2014,0.40682,0.44677,0.54101,0.66775
18/12/2014,0.40882,0.44802,0.54576,0.66775
19/12/2014,0.41082,0.45115,0.54701,0.67025
22/12/2014,0.41257,0.45265,0.54814,0.67225
23/12/2014,0.41432,0.45415,0.54926,0.677
24/12/2014,0.4167,0.45465,0.55026,0.67775
26/12/2014,0.41532,0.45515,0.55026,0.67775
29/12/2014,0.41557,0.4554,0.55026,0.67775
30/12/2014,0.41713,0.45697,0.55282,0.67875
31/12/2014,0.41713,0.45697,0.55282,0.67875
2/1/2015,0.41917,0.45738,0.55486,0.67896
5/1/2015,0.52527,0.57762,0.63716,0.75418
6/1/2015,0.58373,0.62052,0.68449,0.82567
7/1/2015,0.61499,0.63707,0.70115,0.83905
8/1/2015,0.5914,0.6392,0.70603,0.83692
9/1/2015,0.59348,0.6392,0.70603,0.83692
12/1/2015,0.59625,0.64112,0.70788,0.8402
13/1/2015,0.59915,0.64595,0.70915,0.83917
14/1/2015,0.60315,0.65283,0.70965,0.83792
15/1/2015,0.59832,0.65433,0.70954,0.83792
16/1/2015,0.58715,0.64278,0.69996,0.8243
19/1/2015,0.57649,0.63803,0.69871,0.81726
20/1/2015,0.57957,0.64572,0.7028,0.82916
21/1/2015,0.57536,0.63866,0.69878,0.82339
22/1/2015,0.57327,0.63866,0.70087,0.82214
23/1/2015,0.57148,0.63609,0.70945,0.82947
26/1/2015,0.5726,0.63947,0.70945,0.82947
27/1/2015,0.57419,0.64429,0.71082,0.83406
28/1/2015,0.5901,0.65289,0.7177,0.84156
29/1/2015,0.60302,0.66763,0.72915,0.85705
30/1/2015,0.60685,0.67088,0.73482,0.86601
2/2/2015,0.60435,0.67863,0.73932,0.86701
3/2/2015,0.60235,0.67863,0.73932,0.86701
4/2/2015,0.60235,0.67863,0.73932,0.86601
5/2/2015,0.60235,0.67288,0.73432,0.86601
6/2/2015,0.60235,0.67288,0.73482,0.86601
9/2/2015,0.60585,0.67363,0.73582,0.86751
10/2/2015,0.61152,0.67938,0.74082,0.87201
11/2/2015,0.61669,0.68138,0.74182,0.87509
12/2/2015,0.61669,0.68138,0.74182,0.87509
13/2/2015,0.61669,0.68138,0.75796,0.87509
16/2/2015,0.61981,0.68138,0.75896,0.87684
17/2/2015,0.62081,0.68138,0.76404,0.88097
18/2/2015,0.624,0.6845,0.76404,0.88097
23/2/2015,0.6405,0.70261,0.7864,0.90274
24/2/2015,0.67263,0.73422,0.80138,0.92283
25/2/2015,0.68183,0.74492,0.81446,0.93541
26/2/2015,0.68625,0.7575,0.81959,0.93741
27/2/2015,0.68625,0.77317,0.83382,0.93841
2/3/2015,0.69013,0.78553,0.84334,0.94554
3/3/2015,0.69113,0.78756,0.85095,0.94967
4/3/2015,0.69113,0.79166,0.85783,0.95267
5/3/2015,0.69113,0.79266,0.85883,0.95267
6/3/2015,0.7054,0.81287,0.88009,0.97959
9/3/2015,0.71428,0.8364,0.90078,0.98972
10/3/2015,0.71265,0.84517,0.90616,0.99761
11/3/2015,0.76821,0.87934,0.93965,1.03405
12/3/2015,0.79105,0.90701,0.96934,1.06181
13/3/2015,0.79955,0.91309,0.98176,1.06606
16/3/2015,0.80055,0.91721,0.98688,1.06706
17/3/2015,0.80667,0.92609,0.99426,1.07015
18/3/2015,0.80917,0.93746,1.00563,1.07533
19/3/2015,0.81092,0.93946,1.00971,1.07583
20/3/2015,0.83975,0.97275,1.05272,1.11138
23/3/2015,0.86625,0.99216,1.06104,1.14283
24/3/2015,0.87196,1.00129,1.06984,1.1593
25/3/2015,0.87508,1.00529,1.07084,1.163
26/3/2015,0.87608,1.00834,1.06976,1.165
27/3/2015,0.87708,1.01034,1.07289,1.165
30/3/2015,0.88067,1.01347,1.07601,1.165
31/3/2015,0.88067,1.01446,1.0738,1.16364
1/4/2015,0.88116,1.01959,1.0768,1.16689
2/4/2015,0.88116,1.01959,1.0768,1.16689
6/4/2015,0.88116,1.02097,1.0768,1.16689
7/4/2015,0.88116,1.02197,1.0768,1.16549
8/4/2015,0.88325,1.02397,1.0778,1.17074
9/4/2015,0.88508,1.02705,1.0836,1.18217
10/4/2015,0.88508,1.02516,1.0836,1.18217
13/4/2015,0.88508,1.02567,1.0836,1.18217
14/4/2015,0.88508,1.01441,1.07738,1.17764
15/4/2015,0.88049,1.01241,1.07634,1.17003
16/4/2015,0.82,0.94654,1.02451,1.14561
17/4/2015,0.76134,0.88884,0.97139,1.08002
20/4/2015,0.7595,0.8843,0.96715,1.07562
21/4/2015,0.76125,0.8898,0.96917,1.07521
22/4/2015,0.76475,0.89047,0.97017,1.07621
23/4/2015,0.76475,0.89039,0.97017,1.07621
24/4/2015,0.765,0.8908,0.97017,1.07621
27/4/2015,0.76525,0.88967,0.96915,1.07621
28/4/2015,0.76525,0.89095,0.97018,1.07621
29/4/2015,0.76525,0.89072,0.97453,1.07621
30/4/2015,0.76625,0.89489,0.976,1.07621
4/5/2015,0.76625,0.89489,0.976,1.07621
5/5/2015,0.7665,0.89514,0.976,1.07521
6/5/2015,0.767,0.89564,0.97625,1.07521
7/5/2015,0.76725,0.89564,0.97625,1.07521
8/5/2015,0.7675,0.89589,0.97625,1.07521
11/5/2015,0.7675,0.89117,0.97042,1.07521
12/5/2015,0.76725,0.89396,0.97625,1.07521
13/5/2015,0.75991,0.88191,0.96967,1.07183
14/5/2015,0.75527,0.87866,0.96933,1.07183
15/5/2015,0.72126,0.84705,0.92018,1.04244
18/5/2015,0.70738,0.82947,0.8989,1.02232
19/5/2015,0.69799,0.82267,0.88859,1.01512
20/5/2015,0.70287,0.82481,0.88796,1.01479
21/5/2015,0.706,0.82867,0.88908,1.01479
22/5/2015,0.70621,0.82892,0.88908,1.01479
25/5/2015,0.70621,0.8278,0.88908,1.01479
26/5/2015,0.70788,0.82955,0.88908,1.01505
27/5/2015,0.70671,0.82955,0.88909,1.01839
28/5/2015,0.70696,0.82955,0.88909,1.01839
29/5/2015,0.70696,0.82955,0.88909,1.01839
2/6/2015,0.70896,0.82955,0.88909,1.01859
3/6/2015,0.70612,0.8308,0.89206,1.01859
4/6/2015,0.70846,0.8308,0.89009,1.01859
5/6/2015,0.70846,0.8308,0.89009,1.01859
8/6/2015,0.70846,0.8308,0.89009,1.01859
9/6/2015,0.70846,0.8308,0.89188,1.02099
10/6/2015,0.70846,0.8308,0.89188,1.02099
11/6/2015,0.70821,0.83075,0.89188,1.02099
12/6/2015,0.69763,0.82178,0.88666,1.01692
15/6/2015,0.69738,0.82096,0.88566,1.01692
16/6/2015,0.69794,0.82221,0.88537,1.01386
17/6/2015,0.69449,0.82028,0.88537,1.01386
18/6/2015,0.69465,0.81913,0.88537,1.01386
19/6/2015,0.69613,0.81932,0.88374,1.01073
22/6/2015,0.69613,0.82146,0.88374,1.01073
23/6/2015,0.69638,0.82146,0.88374,1.01367
24/6/2015,0.69663,0.82146,0.88374,1.01367
25/6/2015,0.69688,0.821,0.88374,1.01367
26/6/2015,0.69613,0.82146,0.88374,1.01367
29/6/2015,0.69638,0.82146,0.88374,1.01367
30/6/2015,0.69663,0.82106,0.88374,1.01073
1/7/2015,0.69688,0.82038,0.88474,1.01386
2/7/2015,0.69913,0.82246,0.88474,1.01386
3/7/2015,0.69938,0.82246,0.88474,1.01386
6/7/2015,0.69963,0.82246,0.88474,1.01386
7/7/2015,0.70038,0.82038,0.88474,1.01379
8/7/2015,0.69988,0.81725,0.88374,1.01367
9/7/2015,0.69951,0.8155,0.88166,1.01067
10/7/2015,0.69926,0.8159,0.88166,1.01067
13/7/2015,0.69926,0.81897,0.88166,1.01067
14/7/2015,0.69901,0.82038,0.88166,1.01067
15/7/2015,0.70113,0.82038,0.88166,1.01067
16/7/2015,0.70138,0.82038,0.88166,1.01067
20/7/2015,0.70163,0.82271,0.88374,1.01367
21/7/2015,0.70288,0.82296,0.88374,1.01453
22/7/2015,0.70438,0.82421,0.88374,1.01453
23/7/2015,0.70463,0.82421,0.88374,1.01453
24/7/2015,0.70488,0.82446,0.88374,1.01453
27/7/2015,0.70613,0.82571,0.88374,1.01453
28/7/2015,0.70638,0.82596,0.88374,1.01593
29/7/2015,0.7485,0.87234,0.93325,1.05614
30/7/2015,0.75916,0.87858,0.93858,1.06358
31/7/2015,0.75916,0.87883,0.93858,1.06358
3/8/2015,0.75916,0.87908,0.94008,1.06608
4/8/2015,0.75916,0.87908,0.94008,1.06787
5/8/2015,0.75916,0.87908,0.94008,1.06787
6/8/2015,0.75916,0.87908,0.94008,1.06787
11/8/2015,0.75916,0.87908,0.94008,1.06867
12/8/2015,0.81325,0.9345,0.99675,1.09643
13/8/2015,0.82016,0.93883,0.997,1.09643
14/8/2015,0.82016,0.93908,0.99725,1.09643
17/8/2015,0.82016,0.93933,0.9975,1.09643
18/8/2015,0.82016,0.93908,1.00075,1.09603
19/8/2015,0.81916,0.93825,1.001,1.09603
20/8/2015,0.81916,0.93825,1.001,1.09603
21/8/2015,0.81816,0.93825,1.001,1.09603
24/8/2015,0.8735,0.996,1.05675,1.1713
25/8/2015,0.87758,1.00208,1.06325,1.187
26/8/2015,0.88121,1.00208,1.0635,1.187
27/8/2015,0.88121,1.00208,1.06375,1.187
28/8/2015,0.88775,1.00783,1.06683,1.19005
31/8/2015,0.88825,1.00833,1.06783,1.1903
1/9/2015,0.94621,1.07075,1.127,1.24788
2/9/2015,0.94912,1.07033,1.12933,1.25025
3/9/2015,0.94912,1.07058,1.12958,1.25
4/9/2015,0.95004,1.07408,1.12983,1.25025
7/9/2015,0.95004,1.07383,1.12983,1.25025
8/9/2015,0.95216,1.07408,1.13008,1.25025
9/9/2015,0.95216,1.07508,1.13208,1.25125
10/9/2015,0.95216,1.07483,1.13208,1.25125
14/9/2015,1.0025,1.131,1.18408,1.30859
15/9/2015,1.00816,1.13583,1.19055,1.31434
16/9/2015,1.01616,1.13758,1.19133,1.31434
17/9/2015,1.01641,1.13958,1.19133,1.31434
18/9/2015,1.01716,1.13933,1.19133,1.31434
21/9/2015,1.01691,1.13883,1.19108,1.31434
22/9/2015,1.01666,1.13858,1.19083,1.31225
23/9/2015,1.01766,1.13858,1.19083,1.31225
25/9/2015,1.01791,1.13883,1.19083,1.31225
28/9/2015,1.01816,1.13908,1.19083,1.31225
29/9/2015,1.01741,1.13933,1.19083,1.31225
30/9/2015,1.01716,1.13908,1.19083,1.31434
1/10/2015,1.01466,1.13558,1.19083,1.31434
2/10/2015,1.01416,1.13533,1.19058,1.31434
5/10/2015,1.01391,1.13508,1.19033,1.31434
6/10/2015,1.01366,1.13483,1.19008,1.31434
7/10/2015,1.01341,1.13458,1.18983,1.31434
8/10/2015,1.01341,1.13458,1.18958,1.31434
9/10/2015,1.01316,1.13333,1.18933,1.31434
12/10/2015,1.00716,1.13283,1.18908,1.31434
13/10/2015,1.00616,1.12733,1.18883,1.31225
14/10/2015,1.00383,1.12928,1.18775,1.311
15/10/2015,1.00125,1.1235,1.18458,1.30892
16/10/2015,0.88908,1.00906,1.07313,1.19846
19/10/2015,0.88825,1.00925,1.06771,1.19541
20/10/2015,0.886,1.0095,1.06771,1.19551
21/10/2015,0.88625,1.00975,1.06771,1.19551
22/10/2015,0.887,1.01,1.06846,1.19551
23/10/2015,0.888,1.0105,1.06846,1.19551
26/10/2015,0.9425,1.0665,1.12417,1.25
27/10/2015,0.94508,1.06908,1.12592,1.25
28/10/2015,0.94916,1.06958,1.12675,1.25025
29/10/2015,0.94966,1.07008,1.1275,1.25233
30/10/2015,0.95016,1.07058,1.12775,1.25233
2/11/2015,0.95016,1.07083,1.132,1.25233
3/11/2015,0.95016,1.07108,1.129,1.2525
4/11/2015,0.95016,1.07108,1.129,1.2525
5/11/2015,0.94916,1.07108,1.129,1.2525
6/11/2015,0.94916,1.07083,1.129,1.2525
9/11/2015,0.95041,1.07233,1.129,1.2525
11/11/2015,0.95041,1.07258,1.13043,1.25533
12/11/2015,0.95041,1.07283,1.13,1.25533
13/11/2015,0.95241,1.07308,1.13025,1.25533
16/11/2015,0.95241,1.07333,1.13025,1.25533
17/11/2015,0.95141,1.07358,1.13275,1.2533
18/11/2015,0.95041,1.07283,1.13175,1.2533
19/11/2015,0.95041,1.07283,1.13175,1.2533
20/11/2015,0.94941,1.07108,1.12675,1.25222
23/11/2015,0.94941,1.07108,1.13025,1.25222
24/11/2015,0.95041,1.07108,1.13025,1.25222
25/11/2015,0.95041,1.07108,1.13025,1.25222
26/11/2015,0.9615,1.07472,1.13425,1.25425
27/11/2015,0.9625,1.07472,1.13425,1.25425
30/11/2015,0.9625,1.07472,1.13425,1.25425
1/12/2015,0.96183,1.07772,1.13525,1.25425
2/12/2015,0.96183,1.07772,1.13525,1.25425
3/12/2015,0.96158,1.07772,1.13525,1.25425
4/12/2015,0.96158,1.07772,1.13525,1.25325
7/12/2015,0.96158,1.07772,1.13025,1.25325
8/12/2015,0.96158,1.07832,1.13025,1.25325
9/12/2015,0.96058,1.12028,1.18108,1.30767
10/12/2015,0.96033,1.12328,1.18608,1.31117
11/12/2015,0.96008,1.1274,1.189,1.31325
14/12/2015,0.96208,1.12865,1.189,1.31325
15/12/2015,0.96233,1.1325,1.189,1.31325
16/12/2015,0.96158,1.13275,1.189,1.31325
17/12/2015,0.98481,1.13375,1.18925,1.3135
18/12/2015,0.98556,1.13375,1.1895,1.3135
21/12/2015,0.98806,1.137,1.19175,1.31525
22/12/2015,0.98806,1.13375,1.19175,1.31525
23/12/2015,0.98806,1.13375,1.19175,1.31525
24/12/2015,0.98781,1.13375,1.19175,1.31525
28/12/2015,0.98756,1.13375,1.19175,1.31525
29/12/2015,0.98956,1.1351,1.192,1.31525
30/12/2015,0.99006,1.13535,1.192,1.31525
31/12/2015,1.04447,1.18513,1.25157,1.37575
4/1/2016,1.04722,1.19125,1.25257,1.37625
5/1/2016,1.05009,1.19125,1.25337,1.37625
6/1/2016,1.04985,1.19125,1.25337,1.37625
7/1/2016,1.04934,1.19125,1.25337,1.37625
8/1/2016,1.05184,1.1915,1.25437,1.37675
11/1/2016,1.07383,1.21826,1.27829,1.39954
12/1/2016,1.126,1.249,1.311,1.436
13/1/2016,1.13117,1.252,1.31325,1.437
14/1/2016,1.13117,1.253,1.31325,1.437
15/1/2016,1.13217,1.253,1.31325,1.437
18/1/2016,1.13217,1.253,1.31325,1.437
19/1/2016,1.13217,1.254,1.3145,1.43775
20/1/2016,1.13217,1.254,1.31425,1.43775
21/1/2016,1.13217,1.254,1.31475,1.438
22/1/2016,1.13025,1.253,1.31475,1.438
25/1/2016,1.13125,1.254,1.31475,1.438
26/1/2016,1.131,1.254,1.31475,1.438
27/1/2016,1.13075,1.254,1.31475,1.438
28/1/2016,1.1305,1.253,1.31475,1.438
29/1/2016,1.12404,1.253,1.31475,1.438
1/2/2016,1.1215,1.25275,1.31475,1.438
2/2/2016,1.1215,1.2427,1.3145,1.438
3/2/2016,1.1295,1.2525,1.31425,1.438
4/2/2016,1.1295,1.25225,1.31425,1.438
5/2/2016,1.1255,1.252,1.31425,1.438
10/2/2016,1.1205,1.249,1.31425,1.438
11/2/2016,1.1195,1.24688,1.31325,1.438
12/2/2016,1.1195,1.247,1.31325,1.438
15/2/2016,1.1215,1.251,1.31325,1.438
16/2/2016,1.118,1.25125,1.31325,1.438
17/2/2016,1.1195,1.2515,1.31325,1.438
18/2/2016,1.1195,1.25175,1.31275,1.438
19/2/2016,1.1195,1.252,1.313,1.438
22/2/2016,1.12375,1.25225,1.313,1.438
23/2/2016,1.1195,1.2525,1.313,1.438
24/2/2016,1.12725,1.25275,1.313,1.438
25/2/2016,1.1205,1.253,1.313,1.438
26/2/2016,1.1205,1.253,1.313,1.438
29/2/2016,1.12312,1.253,1.313,1.438
1/3/2016,1.1215,1.253,1.31325,1.438
2/3/2016,1.1215,1.25275,1.31325,1.438
3/3/2016,1.1215,1.2525,1.31325,1.438
4/3/2016,1.1215,1.25225,1.31325,1.438
7/3/2016,1.1215,1.252,1.31325,1.438
8/3/2016,1.1215,1.25175,1.313,1.438
9/3/2016,1.1215,1.25175,1.313,1.438
10/3/2016,1.1215,1.2515,1.313,1.438
11/3/2016,1.1205,1.24188,1.313,1.438
14/3/2016,1.1205,1.24188,1.313,1.438
15/3/2016,1.1205,1.25075,1.313,1.438
16/3/2016,1.1215,1.24088,1.313,1.438
17/3/2016,1.11525,1.23396,1.30963,1.438
18/3/2016,1.001,1.23096,1.30663,1.43225
21/3/2016,1.0005,1.23046,1.30638,1.43225
22/3/2016,1.00025,1.23021,1.30638,1.43225
23/3/2016,0.96843,1.18725,1.309,1.435
24/3/2016,0.95801,1.18288,1.30251,1.42913
28/3/2016,0.96026,1.18288,1.30251,1.42913
29/3/2016,0.95801,1.17904,1.30251,1.42913
30/3/2016,0.85884,1.16979,1.2939,1.42913
31/3/2016,0.79517,1.06158,1.24087,1.37575
1/4/2016,0.79701,1.06108,1.24663,1.37575
4/4/2016,0.79703,1.06258,1.24638,1.37575
5/4/2016,0.80201,1.06297,1.24113,1.37575
6/4/2016,0.79793,1.06258,1.24113,1.37575
7/4/2016,0.7918,1.06258,1.24638,1.37575
8/4/2016,0.79492,1.06275,1.24638,1.37575
11/4/2016,0.79205,1.06275,1.24638,1.37575
12/4/2016,0.7918,1.06158,1.24313,1.373
13/4/2016,0.73306,1.001,1.22776,1.3725
14/4/2016,0.73751,1.002,1.23721,1.3725
15/4/2016,0.73776,1.002,1.23721,1.37525
18/4/2016,0.7364,1.001,1.23721,1.37525
19/4/2016,0.73514,1.001,1.23621,1.37525
20/4/2016,0.73651,0.99975,1.23521,1.37163
21/4/2016,0.73701,1,1.23521,1.37163
22/4/2016,0.74293,1.00167,1.23821,1.3745
25/4/2016,0.74921,1.00359,1.24238,1.37475
26/4/2016,0.76475,1.00384,1.24238,1.37475
27/4/2016,0.76625,1.00534,1.24263,1.37475
28/4/2016,0.762,1.00559,1.24263,1.37475
29/4/2016,0.76034,1.00559,1.24263,1.37475
3/5/2016,0.762,1.00534,1.24263,1.37475
4/5/2016,0.76034,1.00509,1.24263,1.37475
5/5/2016,0.75734,1.00317,1.23963,1.37375
6/5/2016,0.75721,1.00292,1.23863,1.37375
9/5/2016,0.75618,1.00292,1.23863,1.37375
10/5/2016,0.75451,1.00292,1.23863,1.37375
11/5/2016,0.75434,1.00025,1.23863,1.37375
12/5/2016,0.75434,1,1.23863,1.37375
13/5/2016,0.75434,0.99975,1.23863,1.37375
16/5/2016,0.75434,0.9985,1.23863,1.37375
17/5/2016,0.75417,0.99825,1.23863,1.37375
18/5/2016,0.75392,0.998,1.23863,1.37375
19/5/2016,0.75392,1.00067,1.23863,1.37375
20/5/2016,0.75417,1.00092,1.23863,1.37375
23/5/2016,0.75494,1.00117,1.23863,1.37375
24/5/2016,0.75634,1.00142,1.23863,1.37375
25/5/2016,0.75634,1.00192,1.23863,1.37375
26/5/2016,0.75634,1.00217,1.23863,1.37375
27/5/2016,0.75634,1.00217,1.23863,1.37375
30/5/2016,0.75634,1.00217,1.23863,1.37375
31/5/2016,0.75634,1.00217,1.23863,1.37375
1/6/2016,0.75634,1.00217,1.23863,1.37375
2/6/2016,0.75434,1.00217,1.23863,1.37375
3/6/2016,0.75434,1.00217,1.23863,1.37375
6/6/2016,0.75434,1.00217,1.23863,1.37375
7/6/2016,0.75267,0.99925,1.23863,1.37375
8/6/2016,0.75267,0.999,1.23863,1.37375
9/6/2016,0.75267,0.99875,1.23863,1.37375
10/6/2016,0.75267,0.99991,1.23863,1.37375
13/6/2016,0.7525,1.0014,1.23863,1.37375
14/6/2016,0.7525,0.99875,1.23863,1.37375
15/6/2016,0.7525,0.99875,1.23863,1.37375
16/6/2016,0.75225,0.99875,1.23863,1.37375
17/6/2016,0.752,0.9965,1.23863,1.37375
20/6/2016,0.75175,0.99513,1.23863,1.37375
21/6/2016,0.7515,0.99488,1.23863,1.37375
22/6/2016,0.75,0.99463,1.23466,1.37375
23/6/2016,0.74683,0.99205,1.23167,1.371
24/6/2016,0.74825,0.997,1.23655,1.371
27/6/2016,0.74425,0.9898,1.23453,1.371
28/6/2016,0.74633,0.98955,1.2238,1.36825
29/6/2016,0.69108,0.93213,1.17509,1.3115
30/6/2016,0.69146,0.93367,1.18333,1.3115
1/7/2016,0.68767,0.93175,1.17681,1.3115
4/7/2016,0.68867,0.9325,1.17636,1.3115
5/7/2016,0.687,0.9325,1.17971,1.3115
7/7/2016,0.687,0.93038,1.17946,1.3115
8/7/2016,0.686,0.93038,1.17608,1.3115
11/7/2016,0.68575,0.93013,1.17674,1.3115
12/7/2016,0.68475,0.93013,1.17946,1.3115
13/7/2016,0.681,0.90201,1.15238,1.31233
14/7/2016,0.65252,0.87492,1.1478,1.31233
15/7/2016,0.65197,0.87492,1.14884,1.31183
18/7/2016,0.65009,0.87367,1.14784,1.31183
19/7/2016,0.62467,0.87367,1.14947,1.31183
20/7/2016,0.62633,0.87267,1.14947,1.31183
21/7/2016,0.62716,0.87383,1.14947,1.31183
22/7/2016,0.62791,0.87492,1.14947,1.31183
25/7/2016,0.63066,0.87592,1.14947,1.31225
26/7/2016,0.63358,0.87713,1.14997,1.31225
27/7/2016,0.63408,0.87763,1.14996,1.3125
28/7/2016,0.63833,0.87763,1.15071,1.3125
29/7/2016,0.63458,0.8763,1.15072,1.3125
1/8/2016,0.62991,0.87588,1.15072,1.31225
2/8/2016,0.62766,0.87467,1.15071,1.31225
3/8/2016,0.62766,0.87467,1.15071,1.31225
4/8/2016,0.62758,0.87442,1.15071,1.31225
5/8/2016,0.62625,0.87417,1.15072,1.31225
8/8/2016,0.625,0.87417,1.15071,1.31225
10/8/2016,0.62442,0.87417,1.15072,1.31225
11/8/2016,0.62267,0.87317,1.15071,1.31183
12/8/2016,0.62242,0.87317,1.15071,1.31183
15/8/2016,0.62217,0.87317,1.15071,1.31225
16/8/2016,0.62217,0.87317,1.15071,1.31225
17/8/2016,0.62192,0.87317,1.15071,1.31225
18/8/2016,0.61789,0.87317,1.15071,1.31183
19/8/2016,0.61958,0.87192,1.15071,1.31183
22/8/2016,0.61958,0.87192,1.15071,1.31183
23/8/2016,0.61933,0.87192,1.15071,1.31183
24/8/2016,0.61933,0.87192,1.15071,1.31183
25/8/2016,0.61908,0.87192,1.15071,1.31183
26/8/2016,0.61883,0.87192,1.15071,1.31183
29/8/2016,0.62233,0.87192,1.15071,1.31183
30/8/2016,0.62233,0.87192,1.15071,1.31183
31/8/2016,0.62183,0.87192,1.15072,1.31183
1/9/2016,0.62233,0.87317,1.15071,1.31225
2/9/2016,0.62233,0.87317,1.15071,1.31225
5/9/2016,0.62333,0.87317,1.15071,1.31225
6/9/2016,0.62333,0.87367,1.15071,1.31225
7/9/2016,0.62333,0.87317,1.15071,1.31183
8/9/2016,0.62333,0.87242,1.14421,1.31183
9/9/2016,0.62333,0.87242,1.14721,1.31183
13/9/2016,0.62333,0.87242,1.14809,1.31183
14/9/2016,0.62333,0.87242,1.15071,1.31183
15/9/2016,0.62333,0.87242,1.15071,1.31183
16/9/2016,0.62333,0.87242,1.15071,1.31183
19/9/2016,0.62333,0.87242,1.14784,1.31183
20/9/2016,0.62333,0.87267,1.15072,1.31183
21/9/2016,0.62333,0.87267,1.14716,1.31183
22/9/2016,0.62333,0.87267,1.14759,1.31183
23/9/2016,0.62333,0.87242,1.14452,1.31183
26/9/2016,0.62333,0.87242,1.14421,1.31183
27/9/2016,0.62333,0.87242,1.14421,1.31183
28/9/2016,0.62333,0.87292,1.14409,1.31183
29/9/2016,0.62333,0.87292,1.14409,1.31183
30/9/2016,0.62333,0.87242,1.14475,1.31183
3/10/2016,0.62333,0.87242,1.14511,1.31183
4/10/2016,0.62283,0.87242,1.14409,1.31183
5/10/2016,0.62283,0.87242,1.14409,1.31183
6/10/2016,0.62283,0.87067,1.14409,1.31183
7/10/2016,0.62417,0.87042,1.14409,1.31183
10/10/2016,0.62417,0.87042,1.14409,1.31183
11/10/2016,0.62417,0.87042,1.14409,1.31183
12/10/2016,0.62417,0.87067,1.1447,1.31183
13/10/2016,0.62417,0.87092,1.14409,1.31225
14/10/2016,0.62417,0.87117,1.1453,1.31225
17/10/2016,0.625,0.87117,1.1453,1.31225
18/10/2016,0.625,0.87117,1.1453,1.31225
19/10/2016,0.62417,0.87242,1.1453,1.31225
20/10/2016,0.62417,0.87242,1.1453,1.31225
21/10/2016,0.62417,0.87242,1.1453,1.31225
24/10/2016,0.625,0.87242,1.1453,1.31225
25/10/2016,0.625,0.87242,1.1453,1.31225
26/10/2016,0.625,0.87242,1.1453,1.31225
27/10/2016,0.625,0.87242,1.1453,1.31225
28/10/2016,0.625,0.87242,1.1453,1.31225
31/10/2016,0.625,0.87325,1.1453,1.31225
1/11/2016,0.62367,0.87325,1.1453,1.31225
2/11/2016,0.62367,0.87325,1.1453,1.31225
3/11/2016,0.62367,0.87325,1.1453,1.31225
4/11/2016,0.62367,0.87325,1.1453,1.31225
7/11/2016,0.62367,0.87325,1.1453,1.31225
8/11/2016,0.62367,0.87325,1.1453,1.31225
9/11/2016,0.62367,0.87325,1.1453,1.31225
10/11/2016,0.62367,0.87325,1.14555,1.31225
11/11/2016,0.62367,0.87325,1.1518,1.31225
14/11/2016,0.625,0.87533,1.152,1.31225
15/11/2016,0.66255,0.91113,1.20064,1.38476
16/11/2016,0.66255,0.91613,1.19838,1.39117
17/11/2016,0.66255,0.91613,1.19925,1.39117
18/11/2016,0.6628,0.91613,1.20288,1.39117
21/11/2016,0.66905,0.92238,1.21001,1.39555
22/11/2016,0.66905,0.92213,1.20742,1.39555
23/11/2016,0.66905,0.92213,1.2048,1.39555
24/11/2016,0.6713,0.92513,1.21289,1.39817
25/11/2016,0.67155,0.92538,1.21289,1.39817
28/11/2016,0.6713,0.92538,1.20863,1.39817
29/11/2016,0.6713,0.92513,1.20788,1.39818
30/11/2016,0.6713,0.92488,1.21001,1.39817
1/12/2016,0.67355,0.92488,1.20763,1.39817
2/12/2016,0.6733,0.92463,1.20351,1.39817
5/12/2016,0.6733,0.92438,1.20151,1.39817
6/12/2016,0.6733,0.92438,1.20638,1.39817
7/12/2016,0.6733,0.926,1.20638,1.39817
8/12/2016,0.67605,0.926,1.20976,1.39817
9/12/2016,0.67605,0.926,1.20976,1.39817
12/12/2016,0.67605,0.926,1.20976,1.39817
13/12/2016,0.6763,0.926,1.21538,1.39817
14/12/2016,0.68538,0.93209,1.21817,1.39984
15/12/2016,0.71106,0.96301,1.24869,1.4315
16/12/2016,0.72313,0.96555,1.2505,1.43317
19/12/2016,0.71588,0.96249,1.2505,1.43317
20/12/2016,0.71638,0.96271,1.2505,1.43317
21/12/2016,0.71663,0.96284,1.2501,1.43317
22/12/2016,0.71688,0.96284,1.2505,1.43317
23/12/2016,0.71943,0.96284,1.2505,1.43317
27/12/2016,0.71968,0.96656,1.2505,1.43317
28/12/2016,0.72056,0.96906,1.2505,1.43767
29/12/2016,0.71968,0.96756,1.2505,1.43592
30/12/2016,0.7233,0.96868,1.2505,1.43759
3/1/2017,0.72355,0.96893,1.2505,1.43759
4/1/2017,0.7238,0.96918,1.2505,1.43759
5/1/2017,0.72255,0.97255,1.2505,1.43759
6/1/2017,0.7158,0.96777,1.25,1.43517
9/1/2017,0.7158,0.96889,1.25,1.43517
10/1/2017,0.71563,0.96705,1.24915,1.43517
11/1/2017,0.71513,0.9668,1.25,1.43517
12/1/2017,0.71488,0.96655,1.247,1.43517
13/1/2017,0.71755,0.96526,1.2473,1.43517
16/1/2017,0.71755,0.96501,1.24776,1.43517
17/1/2017,0.71755,0.96501,1.24952,1.43517
18/1/2017,0.71463,0.96188,1.247,1.43517
19/1/2017,0.71463,0.96163,1.247,1.43517
20/1/2017,0.71375,0.96163,1.247,1.43517
23/1/2017,0.7135,0.96163,1.247,1.435
24/1/2017,0.71325,0.96138,1.247,1.434
25/1/2017,0.71325,0.96113,1.247,1.434
26/1/2017,0.71513,0.96138,1.247,1.434
27/1/2017,0.71513,0.96426,1.247,1.435
31/1/2017,0.71538,0.96426,1.247,1.435
1/2/2017,0.71538,0.96138,1.247,1.435
2/2/2017,0.71538,0.96138,1.247,1.435
3/2/2017,0.71513,0.96138,1.247,1.435
6/2/2017,0.71488,0.96138,1.247,1.435
7/2/2017,0.71275,0.96138,1.247,1.435
8/2/2017,0.71275,0.96213,1.247,1.435
9/2/2017,0.71275,0.96138,1.247,1.435
10/2/2017,0.71488,0.96163,1.247,1.435
13/2/2017,0.74157,0.98521,1.26771,1.457
14/2/2017,0.7145,0.94288,1.25,1.38917
15/2/2017,0.7135,0.94005,1.248,1.382
16/2/2017,0.7135,0.94005,1.248,1.38
17/2/2017,0.71538,0.94005,1.248,1.38
20/2/2017,0.71538,0.94005,1.24904,1.38
21/2/2017,0.71538,0.94005,1.25,1.38
22/2/2017,0.71563,0.94005,1.25,1.38
23/2/2017,0.71588,0.94005,1.25,1.38
24/2/2017,0.71488,0.93905,1.245,1.378
27/2/2017,0.71476,0.93905,1.245,1.378
28/2/2017,0.71476,0.93905,1.245,1.378
1/3/2017,0.71476,0.93905,1.24612,1.378
2/3/2017,0.71463,0.93905,1.24643,1.378
3/3/2017,0.71463,0.93905,1.248,1.378
6/3/2017,0.71463,0.94005,1.24918,1.378
7/3/2017,0.71463,0.94005,1.248,1.378
8/3/2017,0.71463,0.94005,1.248,1.378
9/3/2017,0.71463,0.94005,1.25,1.378
10/3/2017,0.71463,0.94005,1.24999,1.3805
13/3/2017,0.71568,0.94188,1.249,1.3825
14/3/2017,0.71754,0.94188,1.25,1.3825
15/3/2017,0.71695,0.94188,1.25,1.3825
16/3/2017,0.71488,0.94205,1.24989,1.38
17/3/2017,0.73693,0.94205,1.247,1.38
20/3/2017,0.74808,0.94205,1.247,1.38
21/3/2017,0.74808,0.94517,1.247,1.38
22/3/2017,0.74808,0.94517,1.247,1.38
23/3/2017,0.74808,0.94517,1.247,1.38
24/3/2017,0.74833,0.94517,1.247,1.38
27/3/2017,0.74833,0.9458,1.247,1.38
28/3/2017,0.74833,0.9458,1.247,1.38
29/3/2017,0.75,0.9458,1.247,1.38
30/3/2017,0.75,0.9458,1.247,1.38
31/3/2017,0.75276,0.9458,1.247,1.38
3/4/2017,0.75558,0.9478,1.248,1.38
4/4/2017,0.80708,0.99691,1.25,1.38
5/4/2017,0.80881,0.99958,1.25,1.38
6/4/2017,0.80847,0.99983,1.25,1.38
7/4/2017,0.80847,0.99983,1.25,1.38
10/4/2017,0.80847,0.99983,1.25,1.38
11/4/2017,0.80822,0.99983,1.25,1.38
12/4/2017,0.80797,0.99983,1.25,1.38
13/4/2017,0.8085,1.0015,1.25,1.38
17/4/2017,0.8085,1.0015,1.25,1.38
18/4/2017,0.8085,1.0015,1.25,1.38
19/4/2017,0.8085,1.00125,1.25,1.38
20/4/2017,0.8085,0.99925,1.25,1.38125
21/4/2017,0.8085,0.99925,1.25,1.38125
24/4/2017,0.80825,0.999,1.25,1.38125
25/4/2017,0.81025,0.99875,1.25,1.38125
26/4/2017,0.81025,0.99875,1.25,1.38125
27/4/2017,0.81025,0.99875,1.25,1.38125
28/4/2017,0.81025,0.99875,1.25,1.38125
2/5/2017,0.81025,0.99875,1.25,1.38125
3/5/2017,0.81025,0.99875,1.25,1.38125
4/5/2017,0.81,0.99875,1.25,1.38125
5/5/2017,0.8115,0.9985,1.25,1.38125
8/5/2017,0.8115,0.9985,1.25,1.38125
9/5/2017,0.8115,0.9985,1.25,1.38125
11/5/2017,0.80975,0.9985,1.25,1.38125
12/5/2017,0.8115,0.9985,1.25,1.38125
15/5/2017,0.8115,0.9985,1.25,1.38125
16/5/2017,0.81175,0.9985,1.25,1.38125
17/5/2017,0.81175,0.9985,1.25,1.38125
18/5/2017,0.81175,0.9985,1.25,1.38125
19/5/2017,0.81175,0.9985,1.25,1.38125
22/5/2017,0.81175,0.99383,1.248,1.37875
23/5/2017,0.81175,0.99383,1.248,1.37875
24/5/2017,0.81175,0.99383,1.248,1.37875
25/5/2017,0.81175,0.99383,1.248,1.37875
26/5/2017,0.81175,0.99383,1.248,1.37875
29/5/2017,0.81175,0.99383,1.248,1.37875
30/5/2017,0.81175,0.99383,1.248,1.37843
31/5/2017,0.81175,0.99383,1.248,1.37875
1/6/2017,0.81175,0.99383,1.248,1.37857
2/6/2017,0.81175,0.99383,1.248,1.37975
5/6/2017,0.81175,0.9975,1.248,1.37875
6/6/2017,0.81175,0.99683,1.248,1.37875
7/6/2017,0.81175,0.99683,1.248,1.37575
8/6/2017,0.812,0.99683,1.248,1.37675
9/6/2017,0.81225,0.99383,1.248,1.37575
12/6/2017,0.81225,0.99383,1.248,1.37575
13/6/2017,0.81225,0.99455,1.248,1.37575
14/6/2017,0.81225,0.99455,1.248,1.37575
15/6/2017,0.81025,0.99455,1.248,1.37225
16/6/2017,0.81175,0.99358,1.248,1.37371
19/6/2017,0.8115,0.99358,1.248,1.37225
20/6/2017,0.81125,0.99333,1.246,1.37225
21/6/2017,0.811,0.99308,1.247,1.37225
22/6/2017,0.81075,0.99283,1.248,1.3725
23/6/2017,0.81275,0.99558,1.248,1.37575
27/6/2017,0.81275,0.99558,1.248,1.3755
28/6/2017,0.81292,0.99558,1.248,1.3745
29/6/2017,0.81292,0.99558,1.248,1.37575
30/6/2017,0.81682,0.99583,1.248,1.37575
3/7/2017,0.81317,0.99608,1.248,1.3755
4/7/2017,0.81533,0.99805,1.248,1.37575
5/7/2017,0.82042,0.99805,1.25,1.37575
6/7/2017,0.82342,1.00333,1.25,1.37409
7/7/2017,0.93047,1.05983,1.25,1.37575
10/7/2017,0.93325,1.06033,1.25,1.37875
11/7/2017,0.9355,1.06083,1.25,1.37875
12/7/2017,0.98577,1.1008,1.25,1.37875
13/7/2017,1.04551,1.13717,1.25,1.37575
14/7/2017,1.04743,1.13692,1.25,1.37575
17/7/2017,0.9985,1.11542,1.248,1.37575
18/7/2017,0.99675,1.112,1.248,1.37575
19/7/2017,0.996,1.1115,1.248,1.37575
20/7/2017,0.999,1.11125,1.248,1.37658
21/7/2017,0.999,1.1115,1.248,1.37575
24/7/2017,0.999,1.11175,1.248,1.37658
25/7/2017,0.999,1.112,1.248,1.37658
26/7/2017,1,1.1195,1.248,1.37658
27/7/2017,1,1.11638,1.248,1.37658
28/7/2017,1.001,1.11925,1.248,1.37658
31/7/2017,1.001,1.119,1.248,1.37658
1/8/2017,1.001,1.119,1.248,1.37658
2/8/2017,1.001,1.12,1.248,1.37658
3/8/2017,1.001,1.12,1.248,1.37658
4/8/2017,1.001,1.12025,1.248,1.37658
7/8/2017,1,1.12025,1.248,1.37658
8/8/2017,1,1.12025,1.248,1.37575
10/8/2017,1,1.12025,1.248,1.37575
11/8/2017,0.99825,1.12025,1.248,1.37575
14/8/2017,0.998,1.12025,1.248,1.37575
15/8/2017,0.996,1.12025,1.248,1.37575
16/8/2017,0.998,1.1205,1.248,1.37708
17/8/2017,0.99725,1.12075,1.248,1.37629
18/8/2017,0.9985,1.121,1.248,1.37683
21/8/2017,0.999,1.12125,1.248,1.3766
22/8/2017,0.997,1.1215,1.248,1.37575
23/8/2017,1,1.1215,1.248,1.37708
24/8/2017,1.001,1.1225,1.248,1.37708
25/8/2017,1.002,1.1235,1.248,1.37708
28/8/2017,1.002,1.12375,1.25,1.37708
29/8/2017,1.00125,1.124,1.25,1.37708
30/8/2017,1,1.124,1.25,1.37708
31/8/2017,1,1.124,1.25,1.37708
4/9/2017,1,1.124,1.25,1.37708
5/9/2017,1,1.12375,1.25,1.37708
6/9/2017,1,1.12283,1.25,1.37708
7/9/2017,0.99925,1.12283,1.25,1.37575
8/9/2017,0.99925,1.12283,1.25,1.37575
11/9/2017,0.999,1.12258,1.25,1.37575
12/9/2017,1,1.12258,1.25,1.37575
13/9/2017,1,1.12233,1.25,1.37575
14/9/2017,1,1.12233,1.25,1.37575
15/9/2017,1.001,1.12233,1.25,1.37575
18/9/2017,1.001,1.12233,1.25,1.37708
19/9/2017,1.001,1.12233,1.25,1.37708
20/9/2017,1.001,1.12233,1.25,1.37958
21/9/2017,1.001,1.12233,1.25,1.37708
22/9/2017,1.001,1.12258,1.25,1.37708
25/9/2017,1,1.12283,1.25,1.37708
26/9/2017,1.001,1.12283,1.25,1.37708
27/9/2017,1.001,1.12283,1.25,1.37708
28/9/2017,1,1.12283,1.25,1.37708
29/9/2017,1.001,1.12466,1.25,1.37758
2/10/2017,1,1.12383,1.25,1.37758
3/10/2017,1,1.12383,1.25,1.37758
4/10/2017,1,1.12383,1.25,1.37758
5/10/2017,1,1.12383,1.25,1.37758
6/10/2017,1,1.12383,1.25,1.37758
9/10/2017,1,1.12383,1.25,1.37705
10/10/2017,1,1.12383,1.25,1.37675
11/10/2017,1,1.12383,1.25,1.37675
12/10/2017,1,1.12483,1.25,1.37675
13/10/2017,1.001,1.12583,1.25,1.37758
16/10/2017,1.001,1.12583,1.25,1.37675
17/10/2017,1.001,1.12583,1.25,1.37737
19/10/2017,1,1.12583,1.25,1.37758
20/10/2017,1.00413,1.12583,1.25,1.37758
23/10/2017,1.006,1.12583,1.25,1.37758
24/10/2017,1.00933,1.12583,1.25,1.37758
25/10/2017,1.00746,1.12583,1.25,1.37758
26/10/2017,1.00746,1.12583,1.25,1.37758
27/10/2017,1.00846,1.12583,1.25,1.37758
30/10/2017,1.00846,1.12583,1.25,1.37758
31/10/2017,1.01033,1.12583,1.25,1.37758
1/11/2017,1.00846,1.12583,1.25,1.37758
2/11/2017,1.00513,1.12583,1.25,1.37758
3/11/2017,1.00758,1.12583,1.25,1.37758
6/11/2017,1.00513,1.12583,1.25,1.37758
7/11/2017,1.00311,1.12583,1.25,1.37758
8/11/2017,1.00594,1.12583,1.25,1.37758
9/11/2017,1.00617,1.12637,1.25,1.37758
10/11/2017,1.00513,1.12608,1.25,1.37758
13/11/2017,1.00513,1.12716,1.25,1.37758
14/11/2017,1.00846,1.12716,1.25,1.37758
15/11/2017,1.00846,1.12702,1.25,1.37758
16/11/2017,1.00513,1.12658,1.25,1.37758
17/11/2017,1.00513,1.12658,1.25,1.37758
20/11/2017,1.00513,1.12658,1.25,1.37758
21/11/2017,1.00513,1.12633,1.25,1.37758
22/11/2017,1.00513,1.12608,1.25,1.37758
23/11/2017,1.00513,1.12608,1.25,1.37758
24/11/2017,1.00513,1.12608,1.25,1.37758
27/11/2017,1.00513,1.12608,1.25,1.38008
28/11/2017,1.01028,1.12716,1.25217,1.38008
29/11/2017,1.06705,1.18275,1.25203,1.37841
30/11/2017,1.08318,1.19875,1.27384,1.40184
1/12/2017,1.09246,1.20892,1.28024,1.40855
4/12/2017,1.08852,1.2098,1.28116,1.41014
5/12/2017,1.08996,1.2098,1.28071,1.41014
6/12/2017,1.08996,1.2098,1.28071,1.41014
7/12/2017,1.0911,1.2098,1.28071,1.41014
8/12/2017,1.09321,1.2098,1.28071,1.41014
11/12/2017,1.09621,1.21168,1.28139,1.41014
12/12/2017,1.09646,1.21168,1.28127,1.41014
13/12/2017,1.09746,1.21168,1.28105,1.41014
14/12/2017,1.09446,1.21168,1.28101,1.41014
15/12/2017,1.09534,1.21168,1.28101,1.41014
18/12/2017,1.09696,1.21168,1.28101,1.41014
19/12/2017,1.09746,1.21168,1.28071,1.41014
20/12/2017,1.12375,1.24325,1.31183,1.43917
21/12/2017,1.12683,1.24825,1.3125,1.43917
22/12/2017,1.12683,1.2485,1.3125,1.43917
26/12/2017,1.1285,1.24875,1.3125,1.44
27/12/2017,1.13188,1.249,1.31303,1.44
28/12/2017,1.29756,1.45696,1.52696,1.68333
29/12/2017,1.3253,1.50171,1.56933,1.73172
2/1/2018,1.33114,1.50479,1.56854,1.73154
3/1/2018,1.33064,1.50929,1.57054,1.71855
4/1/2018,1.33039,1.50446,1.56216,1.71855
5/1/2018,1.30392,1.42866,1.49758,1.66447
8/1/2018,1.29822,1.42721,1.49521,1.66925
9/1/2018,1.25333,1.37875,1.49454,1.66925
10/1/2018,1.24631,1.37083,1.49388,1.6685
11/1/2018,1.24272,1.36684,1.46242,1.63922
12/1/2018,1.21559,1.332,1.43063,1.50595
15/1/2018,1.19391,1.31125,1.37891,1.50546
16/1/2018,1.10525,1.22684,1.37391,1.5015
17/1/2018,1.07472,1.19688,1.37241,1.5015
18/1/2018,1.06359,1.18779,1.37158,1.5015
19/1/2018,1.06359,1.18779,1.37158,1.5015
22/1/2018,1.06534,1.18821,1.37158,1.5015
23/1/2018,1.01033,1.13188,1.33621,1.47091
24/1/2018,1.00367,1.12692,1.33621,1.46634
25/1/2018,1.00367,1.12584,1.33497,1.46634
26/1/2018,1.00367,1.12559,1.33472,1.46634
29/1/2018,1.00367,1.12534,1.33472,1.46634
30/1/2018,1.00367,1.12592,1.33472,1.46634
31/1/2018,1.00367,1.12592,1.33472,1.46634
1/2/2018,1.00367,1.12592,1.33472,1.46634
2/2/2018,1.00879,1.12691,1.33784,1.46634
5/2/2018,1.00789,1.12667,1.33809,1.46634
6/2/2018,1.00367,1.12692,1.33497,1.46634
7/2/2018,1.0038,1.12692,1.33497,1.46634
8/2/2018,1.01034,1.12735,1.33809,1.46634
9/2/2018,1.01459,1.13217,1.34084,1.46805
12/2/2018,1.01509,1.13229,1.33918,1.46968
13/2/2018,1.01534,1.13012,1.33918,1.46968
14/2/2018,1.01559,1.12942,1.33918,1.46968
15/2/2018,1.01232,1.12967,1.33918,1.46968
19/2/2018,1.01559,1.12967,1.33918,1.46968
20/2/2018,1.01509,1.13292,1.34084,1.46968
21/2/2018,1.07141,1.18908,1.39546,1.52633
22/2/2018,1.12625,1.24563,1.39888,1.52796
23/2/2018,1.12983,1.25225,1.40205,1.52859
26/2/2018,1.13033,1.25275,1.40418,1.53072
27/2/2018,1.18514,1.30581,1.45475,1.577
28/2/2018,1.24441,1.36842,1.51278,1.67868
1/3/2018,1.25025,1.37333,1.52375,1.68976
2/3/2018,1.25025,1.37333,1.52375,1.69076
5/3/2018,1.25025,1.37583,1.52713,1.70613
6/3/2018,1.25,1.37583,1.52713,1.70613
7/3/2018,1.251,1.37733,1.52713,1.70613
8/3/2018,1.2525,1.37733,1.52904,1.70676
9/3/2018,1.2525,1.37733,1.53101,1.70876
12/3/2018,1.2525,1.37758,1.52862,1.70876
13/3/2018,1.2525,1.37783,1.52726,1.70876
14/3/2018,1.2525,1.37783,1.52775,1.71034
15/3/2018,1.2525,1.37783,1.53002,1.71034
16/3/2018,1.2525,1.37933,1.53092,1.71184
19/3/2018,1.25281,1.38141,1.53326,1.71413
20/3/2018,1.2533,1.38166,1.53326,1.71413
21/3/2018,1.25417,1.38191,1.53351,1.71843
22/3/2018,1.25583,1.38408,1.53501,1.71851
23/3/2018,1.30658,1.4348,1.59325,1.76955
26/3/2018,1.30684,1.44258,1.59537,1.7715
27/3/2018,1.311,1.44758,1.59599,1.77863
28/3/2018,1.31075,1.44758,1.59599,1.77863
29/3/2018,1.3105,1.44733,1.59599,1.77863
2/4/2018,1.37534,1.50709,1.65076,1.83613
3/4/2018,1.37867,1.50509,1.65097,1.83909
4/4/2018,1.37234,1.5051,1.64635,1.83909
5/4/2018,1.37534,1.50509,1.65083,1.83909
6/4/2018,1.37534,1.50317,1.64857,1.83909
9/4/2018,1.37534,1.50292,1.65071,1.83909
10/4/2018,1.37667,1.50267,1.65071,1.83909
11/4/2018,1.37534,1.50242,1.64861,1.83871
12/4/2018,1.3745,1.50409,1.64908,1.84037
13/4/2018,1.37172,1.50409,1.6507,1.84037
16/4/2018,1.37172,1.50409,1.65159,1.84037
17/4/2018,1.3745,1.50409,1.65346,1.84312
18/4/2018,1.37333,1.50576,1.65446,1.84499
19/4/2018,1.37666,1.50601,1.65446,1.84499
20/4/2018,1.37666,1.50626,1.65446,1.84499
23/4/2018,1.37666,1.50651,1.65446,1.84499
24/4/2018,1.37874,1.50676,1.65446,1.84499
25/4/2018,1.37666,1.50701,1.65446,1.84499
26/4/2018,1.37666,1.50701,1.65446,1.84562
27/4/2018,1.38124,1.50951,1.65446,1.84562
30/4/2018,1.37708,1.50976,1.65446,1.84604
2/5/2018,1.37754,1.50701,1.65446,1.84604
3/5/2018,1.38041,1.50704,1.65446,1.84604
4/5/2018,1.38291,1.50704,1.65446,1.84604
7/5/2018,1.38741,1.50704,1.65446,1.84604
8/5/2018,1.38741,1.50701,1.65446,1.84604
9/5/2018,1.39025,1.51106,1.65538,1.84785
10/5/2018,1.38925,1.51101,1.65534,1.84905
11/5/2018,1.3885,1.51126,1.65534,1.84742
14/5/2018,1.38849,1.51088,1.65534,1.84742
15/5/2018,1.3885,1.51043,1.65534,1.84604
16/5/2018,1.3842,1.51043,1.65534,1.84766
17/5/2018,1.38175,1.51021,1.65509,1.84766
18/5/2018,1.38125,1.50746,1.65509,1.84604
21/5/2018,1.38125,1.50746,1.65509,1.84604
22/5/2018,1.38347,1.50791,1.65509,1.84604
23/5/2018,1.38375,1.51016,1.65571,1.84604
24/5/2018,1.38531,1.50981,1.65571,1.84604
25/5/2018,1.38825,1.51006,1.65571,1.84604
28/5/2018,1.38925,1.51006,1.65571,1.84604
30/5/2018,1.3915,1.51066,1.65574,1.84604
31/5/2018,1.3921,1.51462,1.65974,1.84734
1/6/2018,1.39516,1.51437,1.65974,1.84734
4/6/2018,1.39716,1.51362,1.65974,1.84704
5/6/2018,1.40141,1.51812,1.66171,1.84749
6/6/2018,1.40266,1.51812,1.66171,1.84849
7/6/2018,1.4016,1.51812,1.66171,1.84864
8/6/2018,1.40391,1.51812,1.66171,1.84864
11/6/2018,1.39974,1.51812,1.66171,1.8502
12/6/2018,1.39952,1.52008,1.66171,1.85035
13/6/2018,1.40012,1.52008,1.66171,1.85035
14/6/2018,1.40009,1.52038,1.66171,1.85096
18/6/2018,1.4013,1.52038,1.66171,1.85065
19/6/2018,1.4005,1.52038,1.66171,1.85065
20/6/2018,1.39827,1.52068,1.66171,1.8511
21/6/2018,1.39783,1.52068,1.66171,1.85095
22/6/2018,1.40441,1.52068,1.66171,1.85126
25/6/2018,1.40441,1.52068,1.66171,1.85126
26/6/2018,1.40166,1.52168,1.66171,1.85171
27/6/2018,1.40191,1.52168,1.66171,1.85171
28/6/2018,1.40216,1.52153,1.66171,1.85171
29/6/2018,1.40216,1.52153,1.66171,1.85171
2/7/2018,1.40216,1.52153,1.66171,1.85109
3/7/2018,1.44809,1.57483,1.68517,1.8998
4/7/2018,1.50208,1.62883,1.7475,1.95321
5/7/2018,1.50734,1.63045,1.7495,1.95738
6/7/2018,1.50734,1.63111,1.75,1.95838
9/7/2018,1.50734,1.62943,1.75,1.95838
10/7/2018,1.50734,1.63004,1.75,1.95838
11/7/2018,1.50734,1.63263,1.75,1.95838
12/7/2018,1.50734,1.62913,1.75,1.95979
13/7/2018,1.50734,1.62913,1.75,1.95692
16/7/2018,1.50583,1.62913,1.75,1.95692
17/7/2018,1.50734,1.63,1.75,1.95692
18/7/2018,1.506,1.629,1.75,1.95667
19/7/2018,1.50734,1.629,1.75,1.95667
20/7/2018,1.50716,1.629,1.75,1.95667
23/7/2018,1.50734,1.629,1.75,1.95667
24/7/2018,1.50734,1.63101,1.75,1.95667
25/7/2018,1.50759,1.629,1.75,1.95667
26/7/2018,1.50386,1.629,1.75,1.95667
27/7/2018,1.50759,1.63044,1.75,1.95692
30/7/2018,1.50784,1.63239,1.75,1.95692
31/7/2018,1.50784,1.63149,1.75,1.95692
1/8/2018,1.50784,1.6325,1.75,1.9592
2/8/2018,1.50809,1.63303,1.75,1.95958
3/8/2018,1.50984,1.63493,1.7519,1.95979
6/8/2018,1.51175,1.63685,1.7509,1.95979
7/8/2018,1.512,1.63685,1.751,1.9593
8/8/2018,1.512,1.63502,1.751,1.95979
10/8/2018,1.51175,1.63635,1.7509,1.95979
13/8/2018,1.51175,1.63642,1.7519,1.95979
14/8/2018,1.51175,1.63642,1.7506,1.95979
15/8/2018,1.51175,1.63642,1.75126,1.95979
16/8/2018,1.51175,1.63629,1.75075,1.95722
17/8/2018,1.51175,1.63462,1.75075,1.95692
20/8/2018,1.5115,1.63326,1.75075,1.95692
21/8/2018,1.51125,1.63432,1.75075,1.95692
23/8/2018,1.511,1.63617,1.75092,1.95692
24/8/2018,1.511,1.63617,1.7519,1.9581
27/8/2018,1.511,1.63617,1.7509,1.95804
28/8/2018,1.51125,1.63745,1.751,1.95715
29/8/2018,1.5115,1.6377,1.75184,1.95758
30/8/2018,1.51175,1.6377,1.751,1.95692
31/8/2018,1.51175,1.6377,1.75127,1.95736
3/9/2018,1.51175,1.6377,1.7528,1.9597
4/9/2018,1.51175,1.63667,1.75495,1.95979
5/9/2018,1.512,1.63667,1.75495,1.96041
6/9/2018,1.512,1.6374,1.753,1.96041
7/9/2018,1.512,1.6374,1.753,1.96041
10/9/2018,1.512,1.6374,1.753,1.96141
11/9/2018,1.512,1.6377,1.753,1.96141
12/9/2018,1.51175,1.6377,1.753,1.96141
13/9/2018,1.51175,1.63785,1.75633,1.96141
14/9/2018,1.51175,1.63785,1.75633,1.96141
17/9/2018,1.51175,1.63785,1.75633,1.96141
18/9/2018,1.51175,1.6383,1.75633,1.96141
19/9/2018,1.51175,1.6383,1.75633,1.96183
20/9/2018,1.512,1.6383,1.75615,1.96183
21/9/2018,1.51525,1.6413,1.75615,1.96283
24/9/2018,1.5155,1.6413,1.75615,1.96613
25/9/2018,1.51575,1.6413,1.75615,1.96613
26/9/2018,1.51575,1.6413,1.75615,1.96613
27/9/2018,1.51742,1.64326,1.75735,1.96613
28/9/2018,1.51717,1.64141,1.75695,1.96383
1/10/2018,1.51667,1.64301,1.75735,1.96383
2/10/2018,1.51642,1.64196,1.7572,1.96383
3/10/2018,1.51642,1.64196,1.7572,1.96383
4/10/2018,1.51617,1.64196,1.7572,1.96456
5/10/2018,1.51642,1.64196,1.7572,1.96613
8/10/2018,1.51667,1.64196,1.7572,1.96613
9/10/2018,1.51692,1.64211,1.75705,1.96775
10/10/2018,1.51717,1.64211,1.75705,1.96775
11/10/2018,1.51717,1.64256,1.7572,1.96775
12/10/2018,1.51692,1.64256,1.7572,1.96775
15/10/2018,1.51667,1.64256,1.7572,1.96775
16/10/2018,1.51642,1.64241,1.75705,1.96613
17/10/2018,1.51617,1.64241,1.75705,1.96613
18/10/2018,1.51592,1.64226,1.75705,1.96613
19/10/2018,1.51592,1.64226,1.75705,1.96875
22/10/2018,1.51592,1.64226,1.75705,1.96875
23/10/2018,1.51592,1.64286,1.75705,1.96875
24/10/2018,1.51592,1.64286,1.75705,1.96875
25/10/2018,1.51592,1.64211,1.7572,1.96869
26/10/2018,1.51592,1.646,1.7572,1.96869
29/10/2018,1.51592,1.63877,1.7572,1.96919
30/10/2018,1.51567,1.64083,1.7566,1.96919
31/10/2018,1.51567,1.64083,1.7566,1.96975
1/11/2018,1.51792,1.64283,1.7596,1.97275
2/11/2018,1.63071,1.75664,1.87281,2.05708
5/11/2018,1.63183,1.75637,1.87433,2.06225
7/11/2018,1.63433,1.75833,1.87783,2.064
8/11/2018,1.63433,1.75908,1.87783,2.064
12/11/2018,1.63383,1.75908,1.87783,2.064
13/11/2018,1.63433,1.75908,1.87783,2.064
14/11/2018,1.63433,1.75908,1.87783,2.064
15/11/2018,1.63433,1.75908,1.87768,2.06275
16/11/2018,1.63433,1.75908,1.87918,2.06375
19/11/2018,1.64083,1.76849,1.88543,2.068
20/11/2018,1.63858,1.76553,1.88334,2.06675
21/11/2018,1.63883,1.76578,1.88413,2.0675
22/11/2018,1.63933,1.76783,1.88425,2.0675
23/11/2018,1.63983,1.76808,1.88425,2.0675
26/11/2018,1.64175,1.76833,1.88425,2.0675
27/11/2018,1.64175,1.76923,1.88425,2.0675
28/11/2018,1.64175,1.76923,1.88425,2.0675
29/11/2018,1.6415,1.76898,1.88425,2.0675
30/11/2018,1.64125,1.76898,1.88425,2.0675
3/12/2018,1.641,1.76898,1.88425,2.0675
4/12/2018,1.64433,1.76783,1.88592,2.0675
5/12/2018,1.64933,1.76876,1.88592,2.0675
6/12/2018,1.64958,1.76901,1.88592,2.0675
7/12/2018,1.64933,1.76876,1.88592,2.06744
11/12/2018,1.64883,1.76783,1.88518,2.06575
12/12/2018,1.64883,1.76783,1.88518,2.06741
13/12/2018,1.64883,1.76783,1.88533,2.06575
14/12/2018,1.64933,1.76808,1.88533,2.06702
17/12/2018,1.64958,1.76853,1.88533,2.06575
18/12/2018,1.65283,1.77183,1.88563,2.06575
19/12/2018,1.65308,1.77183,1.88563,2.06575
20/12/2018,1.65633,1.77168,1.88548,2.06575
21/12/2018,1.65658,1.77193,1.88548,2.06689
24/12/2018,1.7605,1.88108,1.9404,2.1193
26/12/2018,1.76342,1.886,1.9425,2.12217
27/12/2018,1.76367,1.886,1.94227,2.12267
28/12/2018,1.76367,1.886,1.94059,2.12267
31/12/2018,1.76342,1.886,1.93817,2.12417
2/1/2019,1.76567,1.886,1.93817,2.12417
3/1/2019,1.76542,1.89178,1.93817,2.12367
4/1/2019,1.76517,1.88638,1.93817,2.12367
7/1/2019,1.76492,1.88638,1.93817,2.12367
8/1/2019,1.76467,1.88638,1.93717,2.12367
9/1/2019,1.76467,1.88638,1.93855,2.12267
10/1/2019,1.76442,1.88325,1.93785,2.1231
11/1/2019,1.76417,1.88325,1.93855,2.1231
14/1/2019,1.76417,1.88325,1.93813,2.1231
15/1/2019,1.76417,1.88325,1.93792,2.12267
16/1/2019,1.76417,1.88325,1.93792,2.12267
17/1/2019,1.76417,1.88325,1.93855,2.1231
18/1/2019,1.76717,1.88638,1.94043,2.1231
21/1/2019,1.76717,1.88638,1.94029,2.12367
22/1/2019,1.76742,1.88675,1.94043,2.1245
23/1/2019,1.76792,1.887,1.94063,2.1255
24/1/2019,1.77009,1.88892,1.9408,2.1255
25/1/2019,1.77009,1.88892,1.9408,2.1255
28/1/2019,1.76984,1.8882,1.9408,2.12483
29/1/2019,1.77292,1.88892,1.9408,2.1257
30/1/2019,1.77125,1.89142,1.9408,2.12611
31/1/2019,1.77125,1.89142,1.94047,2.12468
1/2/2019,1.771,1.89142,1.9408,2.12468
4/2/2019,1.771,1.89142,1.94455,2.12521
7/2/2019,1.76938,1.89142,1.94393,2.12675
8/2/2019,1.76938,1.89142,1.94393,2.12594
11/2/2019,1.81542,1.94526,1.99888,2.15172
12/2/2019,1.81717,1.94688,2.0015,2.15404
13/2/2019,1.81742,1.94713,2.0015,2.15477
14/2/2019,1.81742,1.94445,2,2.15302
15/2/2019,1.81742,1.94558,2.00083,2.15373
18/2/2019,1.82055,1.9441,2,2.15188
19/2/2019,1.8203,1.94476,2,2.15261
20/2/2019,1.82005,1.94238,2,2.15188
21/2/2019,1.82005,1.94551,2.0009,2.15188
22/2/2019,1.82005,1.94426,2.00083,2.15188
25/2/2019,1.82088,1.94434,2,2.15188
26/2/2019,1.82233,1.94593,2.00087,2.15188
27/2/2019,1.82883,1.95018,2.0015,2.15413
28/2/2019,1.82958,1.9528,2.00045,2.15413
1/3/2019,1.82358,1.94905,2.00045,2.15413
4/3/2019,1.82383,1.94707,2.0006,2.15413
5/3/2019,1.82408,1.94653,2.00424,2.15413
6/3/2019,1.82408,1.94537,2.00135,2.15413
7/3/2019,1.82383,1.94268,2.00091,2.15407
8/3/2019,1.82358,1.94383,2.0015,2.15282
11/3/2019,1.82333,1.94218,2.00042,2.15213
12/3/2019,1.82308,1.94218,2.00181,2.15288
13/3/2019,1.82283,1.94218,2.00105,2.15188
14/3/2019,1.82258,1.94405,2.00167,2.15213
15/3/2019,1.82258,1.94633,2.00324,2.1533
18/3/2019,1.82258,1.94648,2.00075,2.15318
19/3/2019,1.82258,1.9448,2.0012,2.15304
20/3/2019,1.82258,1.94486,2.0012,2.15206
21/3/2019,1.82608,1.94405,2.00005,2.15188
22/3/2019,1.82608,1.94405,2.00034,2.15188
25/3/2019,1.82608,1.94405,2,2.15188
26/3/2019,1.82608,1.94413,2,2.15188
27/3/2019,1.82633,1.94602,2,2.15188
28/3/2019,1.82658,1.94723,2.0004,2.15188
29/3/2019,1.82658,1.94433,2.00014,2.15188
1/4/2019,1.82658,1.94405,2.00075,2.1255
2/4/2019,1.82333,1.94293,2.00045,2.1265
3/4/2019,1.82308,1.94355,2.00045,2.1255
4/4/2019,1.82283,1.94355,2,2.1255
5/4/2019,1.82283,1.9433,2,2.1255
8/4/2019,1.82283,1.9433,2,2.1255
9/4/2019,1.82283,1.9433,2,2.1255
10/4/2019,1.82308,1.9433,2,2.1255
11/4/2019,1.82333,1.9433,2,2.1255
12/4/2019,1.82333,1.9433,2,2.1255
15/4/2019,1.82333,1.9433,2,2.12569
16/4/2019,1.82308,1.9433,2,2.1255
17/4/2019,1.82283,1.9433,2,2.12649
18/4/2019,1.82283,1.9433,2,2.1255
22/4/2019,1.82283,1.9433,2,2.1255
23/4/2019,1.82283,1.9433,2,2.1255
24/4/2019,1.82283,1.94507,2.00014,2.1255
25/4/2019,1.82283,1.9455,2,2.1255
26/4/2019,1.82283,1.94434,2.00018,2.12604
29/4/2019,1.82308,1.9439,2,2.1255
30/4/2019,1.82333,1.94551,2.00021,2.1255
2/5/2019,1.82333,1.94409,2.00015,2.12601
3/5/2019,1.82333,1.9433,2.00015,2.1256
6/5/2019,1.82333,1.94496,2.00059,2.1255
7/5/2019,1.82633,1.9478,2.00382,2.12595
8/5/2019,1.82833,1.94685,2.0011,2.12664
9/5/2019,1.82833,1.94718,2.0011,2.1255
10/5/2019,1.82858,1.94604,2.0005,2.1255
13/5/2019,1.88113,2.00192,2.05594,2.18288
14/5/2019,1.88363,2.00192,2.06095,2.18675
15/5/2019,1.88363,2.00192,2.06095,2.18675
16/5/2019,1.88463,2.00338,2.0614,2.18675
17/5/2019,1.88513,2.00338,2.0614,2.18675
21/5/2019,1.88538,2.00338,2.06215,2.18675
22/5/2019,1.88692,2.00515,2.06215,2.18675
23/5/2019,1.88692,2.00721,2.0627,2.18675
24/5/2019,1.88717,2.0063,2.06225,2.18675
27/5/2019,1.88717,2.00413,2.06225,2.18675
28/5/2019,1.88717,2.00576,2.0605,2.18675
29/5/2019,1.88692,2.00746,2.06225,2.18675
30/5/2019,1.88692,2.00702,2.06225,2.18675
31/5/2019,1.88692,2.00746,2.06288,2.18675
3/6/2019,1.88692,2.0056,2.06225,2.18675
4/6/2019,1.88642,2.00433,2.06225,2.18675
6/6/2019,1.88642,2.00433,2.0605,2.18675
7/6/2019,1.8845,2.00242,2.06025,2.18675
10/6/2019,1.88425,2.00217,2.06017,2.18675
11/6/2019,1.88425,2.00192,2.06017,2.18675
12/6/2019,1.88425,2.00192,2.06017,2.18675
13/6/2019,1.8845,2.00192,2.06017,2.18675
14/6/2019,1.8845,2.00192,2.06017,2.18675
17/6/2019,1.8845,2.00192,2.06017,2.18675
18/6/2019,1.88425,2.00192,2.06017,2.18675
19/6/2019,1.884,2,2.06017,2.18675
20/6/2019,1.884,2,2.06017,2.18675
21/6/2019,1.884,2,2.06017,2.18675
24/6/2019,1.884,2,2.06017,2.18675
25/6/2019,1.884,2.00167,2.06017,2.18675
26/6/2019,1.884,2.00167,2.06017,2.18675
27/6/2019,1.884,2.00167,2.06017,2.18675
28/6/2019,1.884,2.00167,2.06017,2.18675
1/7/2019,1.884,2.00167,2.06017,2.18675
2/7/2019,1.88733,2,2.06017,2.18675
3/7/2019,1.88733,2,2.06017,2.18675
4/7/2019,1.884,2,2.06017,2.18675
5/7/2019,1.884,1.99925,2.06017,2.18675
8/7/2019,1.884,2,2.06017,2.18675
9/7/2019,1.8835,2,2.06017,2.18675
10/7/2019,1.88,1.999,2.06017,2.18675
11/7/2019,1.88,1.99875,2.05992,2.186
12/7/2019,1.88,1.99683,2.05792,2.185
15/7/2019,1.88313,1.99683,2.05792,2.185
16/7/2019,1.8825,1.99683,2.05792,2.185
17/7/2019,1.8815,1.99683,2.05792,2.185
18/7/2019,1.8815,1.99708,2.05792,2.185
19/7/2019,1.8815,1.99733,2.05792,2.185
22/7/2019,1.88563,1.99758,2.05792,2.185
23/7/2019,1.88563,1.99783,2.05792,2.185
24/7/2019,1.8825,1.99783,2.05792,2.185
25/7/2019,1.88,1.99783,2.05792,2.185
26/7/2019,1.88,1.99783,2.05792,2.185
29/7/2019,1.88,1.99783,2.05792,2.185
30/7/2019,1.8825,1.99758,2.05792,2.185
31/7/2019,1.8825,1.99758,2.05792,2.185
1/8/2019,1.8825,1.88625,1.94323,2.12625
2/8/2019,1.87716,1.87933,1.93842,2.124
5/8/2019,1.87716,1.87933,1.93842,2.124
6/8/2019,1.87716,1.87933,1.93832,2.124
7/8/2019,1.87716,1.87933,1.93832,2.124
8/8/2019,1.87716,1.87933,1.93842,2.124
13/8/2019,1.87716,1.87933,1.93842,2.124
14/8/2019,1.87716,1.87933,1.93842,2.124
15/8/2019,1.87716,1.87933,1.93842,2.124
16/8/2019,1.87916,1.87933,1.93842,2.124
19/8/2019,1.87916,1.87933,1.93842,2.124
20/8/2019,1.87816,1.87833,1.93842,2.124
21/8/2019,1.87816,1.87833,1.93842,2.124
22/8/2019,1.87716,1.87833,1.93842,2.124
23/8/2019,1.87716,1.87933,1.93842,2.124
26/8/2019,1.87716,1.87933,1.93842,2.124
27/8/2019,1.87633,1.87933,1.93842,2.124
28/8/2019,1.87716,1.87933,1.93842,2.124
29/8/2019,1.87716,1.87933,1.93842,2.124
30/8/2019,1.87661,1.87933,1.93842,2.124
2/9/2019,1.87663,1.87933,1.93842,2.124
3/9/2019,1.87633,1.87933,1.93842,2.124
4/9/2019,1.87716,1.87933,1.93842,2.124
5/9/2019,1.87633,1.87933,1.93842,2.124
6/9/2019,1.87633,1.87933,1.93842,2.124
9/9/2019,1.87716,1.87933,1.93842,2.124
10/9/2019,1.87716,1.87958,1.93842,2.124
11/9/2019,1.87658,1.87958,1.93842,2.124
12/9/2019,1.87633,1.87958,1.93842,2.124
13/9/2019,1.87633,1.87958,1.93842,2.124
16/9/2019,1.87666,1.87958,1.93842,2.124
17/9/2019,1.87666,1.87958,1.93842,2.124
18/9/2019,1.87666,1.87958,1.93842,2.124
19/9/2019,1.87184,1.87875,1.938,2.12317
20/9/2019,1.87009,1.8775,1.93775,2.12234
23/9/2019,1.87059,1.87725,1.93775,2.12234
24/9/2019,1.87209,1.877,1.93757,2.12234
25/9/2019,1.87209,1.877,1.93757,2.12234
26/9/2019,1.87209,1.877,1.93757,2.12234
27/9/2019,1.87209,1.877,1.93757,2.12234
30/9/2019,1.87209,1.877,1.93757,2.12234
1/10/2019,1.87209,1.877,1.93757,2.12234
2/10/2019,1.87209,1.877,1.93625,2.12234
3/10/2019,1.87209,1.87675,1.93625,2.12234
4/10/2019,1.87209,1.8755,1.93625,2.12234
7/10/2019,1.87209,1.8755,1.93625,2.12234
8/10/2019,1.87021,1.8755,1.93625,2.12234
9/10/2019,1.86984,1.87525,1.93625,2.12234
10/10/2019,1.86959,1.875,1.93625,2.09379
11/10/2019,1.86959,1.87475,1.9355,2.09358
14/10/2019,1.86909,1.87467,1.9355,2.09358
15/10/2019,1.86809,1.87467,1.9345,2.09271
16/10/2019,1.86709,1.87242,1.9345,2.09271
17/10/2019,1.86709,1.87242,1.9345,2.09271
18/10/2019,1.86709,1.87242,1.9345,2.09271
21/10/2019,1.86284,1.86992,1.9345,2.09271
22/10/2019,1.82867,1.834,1.9345,2.09271
23/10/2019,1.82783,1.83163,1.9345,2.09271
24/10/2019,1.82408,1.83088,1.9345,2.09271
25/10/2019,1.80217,1.83088,1.9345,2.09271
29/10/2019,1.80217,1.83088,1.93425,2.09271
30/10/2019,1.78088,1.80788,1.93425,2.09271
31/10/2019,1.78163,1.80563,1.93425,2.09271
1/11/2019,1.79797,1.80338,1.93425,2.09271
4/11/2019,1.774,1.80125,1.93425,2.09271
5/11/2019,1.77125,1.80117,1.93425,2.09213
6/11/2019,1.76725,1.77184,1.9335,2.09213
7/11/2019,1.763,1.76884,1.90454,2.065
8/11/2019,1.76275,1.76884,1.90391,2.0635
11/11/2019,1.76275,1.76884,1.90391,2.0635
12/11/2019,1.763,1.77144,1.86658,2.0635
13/11/2019,1.73958,1.77011,1.83008,1.99825
14/11/2019,1.73958,1.76744,1.82887,1.99663
15/11/2019,1.73983,1.76744,1.82774,1.97188
18/11/2019,1.73783,1.76361,1.82637,1.96792
19/11/2019,1.73883,1.76589,1.82942,1.96374
20/11/2019,1.73883,1.76506,1.82834,1.96425
21/11/2019,1.73908,1.76789,1.82834,1.96792
22/11/2019,1.73933,1.76814,1.82834,1.96792
25/11/2019,1.73933,1.76814,1.82834,1.96792
26/11/2019,1.73933,1.76731,1.82864,1.96792
27/11/2019,1.74258,1.76981,1.82864,1.96434
28/11/2019,1.74558,1.76781,1.82864,1.96434
29/11/2019,1.74658,1.76864,1.82864,1.96434
2/12/2019,1.74658,1.76925,1.82563,1.96505
3/12/2019,1.74658,1.77063,1.82563,1.967
4/12/2019,1.74633,1.77063,1.82563,1.967
5/12/2019,1.74633,1.77313,1.82563,1.967
6/12/2019,1.74633,1.77288,1.82563,1.967
9/12/2019,1.74633,1.77288,1.82563,1.967
10/12/2019,1.74733,1.7725,1.82663,1.96692
11/12/2019,1.74733,1.7725,1.82763,1.96692
12/12/2019,1.74633,1.7725,1.82763,1.96692
13/12/2019,1.74833,1.7725,1.82763,1.96692
16/12/2019,1.74833,1.7725,1.82863,1.96692
17/12/2019,1.74833,1.7725,1.82763,1.96588
18/12/2019,1.74833,1.7725,1.82863,1.96588
19/12/2019,1.74833,1.7735,1.82863,1.96588
20/12/2019,1.75,1.774,1.82976,1.96888
23/12/2019,1.75,1.77425,1.82976,1.96888
24/12/2019,1.75,1.7745,1.82989,1.96888
26/12/2019,1.75,1.77475,1.82989,1.96888
27/12/2019,1.75,1.775,1.82876,1.96788
30/12/2019,1.75,1.7745,1.82776,1.96788
31/12/2019,1.75,1.77425,1.82776,1.96788
2/1/2020,1.749,1.7745,1.82976,1.96788
3/1/2020,1.749,1.77275,1.82963,1.96788
6/1/2020,1.74733,1.7725,1.82563,1.965
7/1/2020,1.74533,1.7725,1.82663,1.964
8/1/2020,1.74733,1.771,1.82676,1.96038
9/1/2020,1.74533,1.771,1.82676,1.9595
10/1/2020,1.74533,1.771,1.82676,1.96338
13/1/2020,1.74333,1.771,1.82676,1.96338
14/1/2020,1.73758,1.771,1.82676,1.96338
15/1/2020,1.73558,1.768,1.82676,1.96338
16/1/2020,1.6855,1.74037,1.82676,1.96338
17/1/2020,1.68717,1.74,1.82363,1.96338
20/1/2020,1.68644,1.74,1.82363,1.96338
21/1/2020,1.68717,1.73862,1.82363,1.96338
22/1/2020,1.6855,1.738,1.82363,1.96338
23/1/2020,1.68414,1.73262,1.82263,1.96338
24/1/2020,1.684,1.73262,1.82263,1.96238
28/1/2020,1.68511,1.73562,1.82163,1.96038
29/1/2020,1.68108,1.73162,1.82063,1.95838
30/1/2020,1.68475,1.71275,1.82363,1.96138
31/1/2020,1.68625,1.71275,1.82363,1.96038
3/2/2020,1.68675,1.71463,1.82576,1.96325
4/2/2020,1.68775,1.71488,1.82563,1.96038
5/2/2020,1.687,1.71488,1.82576,1.96325
6/2/2020,1.68725,1.71375,1.82576,1.96138
7/2/2020,1.6875,1.71501,1.82676,1.96138
10/2/2020,1.68675,1.71501,1.82676,1.96338
11/2/2020,1.68388,1.71501,1.82363,1.96238
12/2/2020,1.68325,1.71313,1.82363,1.96038
13/2/2020,1.68427,1.71277,1.82375,1.96238
14/2/2020,1.68525,1.71264,1.82375,1.96238
17/2/2020,1.68325,1.71239,1.82271,1.96238
18/2/2020,1.683,1.71149,1.82271,1.96238
19/2/2020,1.684,1.71125,1.82271,1.96138
20/2/2020,1.6819,1.71125,1.82171,1.96138
21/2/2020,1.681,1.71125,1.82171,1.96038
24/2/2020,1.68241,1.71125,1.82071,1.96238
25/2/2020,1.67917,1.71225,1.81121,1.94584
26/2/2020,1.68191,1.712,1.80404,1.93746
27/2/2020,1.64279,1.68933,1.80404,1.936
28/2/2020,1.64259,1.68908,1.80217,1.936
2/3/2020,1.58238,1.63013,1.74075,1.874
3/3/2020,1.57951,1.62725,1.742,1.85022
4/3/2020,1.5308,1.57935,1.68838,1.80638
5/3/2020,1.46701,1.47101,1.60431,1.71691
6/3/2020,1.46113,1.46207,1.59648,1.70913
9/3/2020,1.33201,1.35701,1.51813,1.65424
10/3/2020,1.32488,1.34979,1.51246,1.64017
11/3/2020,1.32488,1.35342,1.46476,1.53213
12/3/2020,1.24325,1.3205,1.43584,1.5
13/3/2020,1.12155,1.21683,1.3755,1.43887
16/3/2020,0.99225,1.08125,1.248,1.31325
17/3/2020,0.9875,0.99083,1.17433,1.26083
18/3/2020,0.98917,0.9949,1.17633,1.26183
19/3/2020,0.99192,0.99929,1.17633,1.26183
20/3/2020,0.99292,1.00867,1.17666,1.26183
23/3/2020,0.99392,1.01117,1.17666,1.26183
24/3/2020,0.99392,1.01117,1.17666,1.26183
25/3/2020,0.99492,1.01942,1.17666,1.26183
26/3/2020,0.99292,1.01867,1.17666,1.26083
27/3/2020,0.99292,1.01867,1.17666,1.26083
30/3/2020,0.99192,1.01232,1.17716,1.26083
31/3/2020,0.98858,0.99815,1.17716,1.26166
1/4/2020,0.98875,0.99959,1.17716,1.26166
2/4/2020,0.98875,0.98984,1.17716,1.26166
3/4/2020,0.98875,0.98959,1.17533,1.26166
6/4/2020,0.98617,0.98834,1.17533,1.26166
7/4/2020,0.98833,0.99034,1.17666,1.26166
8/4/2020,0.98833,0.99371,1.17716,1.26166
9/4/2020,0.98833,0.99396,1.17633,1.26166
13/4/2020,0.98833,0.99084,1.17633,1.26166
14/4/2020,0.98833,0.99059,1.17633,1.26166
15/4/2020,0.98617,0.98909,1.17533,1.26166
16/4/2020,0.93783,0.98884,1.17533,1.26166
17/4/2020,0.88963,0.98834,1.17408,1.26166
20/4/2020,0.89004,0.98834,1.17408,1.26041
21/4/2020,0.89167,0.98859,1.17408,1.26093
22/4/2020,0.80667,0.98859,1.17408,1.26041
23/4/2020,0.75333,0.94241,1.05125,1.21563
24/4/2020,0.75334,0.93909,1.05125,1.21563
27/4/2020,0.75,0.93859,1.05125,1.21563
28/4/2020,0.748,0.93842,1.05,1.21438
29/4/2020,0.685,0.88825,1.04875,1.20965
30/4/2020,0.622,0.85808,1.0485,1.20883
4/5/2020,0.56838,0.82841,1.04825,1.20883
5/5/2020,0.4985,0.7505,1,1.16313
6/5/2020,0.439,0.69083,1,1.16079
8/5/2020,0.44663,0.69875,1,1.1593
11/5/2020,0.378,0.68567,0.93775,1.1583
12/5/2020,0.3735,0.68542,0.8755,1.06525
13/5/2020,0.37125,0.65426,0.87275,1.06225
14/5/2020,0.315,0.62325,0.81225,1.06183
15/5/2020,0.3125,0.62225,0.80975,1.05983
18/5/2020,0.31,0.62225,0.80933,1.05983
19/5/2020,0.24942,0.55325,0.749,1.03013
20/5/2020,0.24875,0.55941,0.74775,1.02908
21/5/2020,0.2485,0.55916,0.7475,1.02908
22/5/2020,0.2485,0.55916,0.74725,1.02908
26/5/2020,0.2445,0.55091,0.74725,1.02908
27/5/2020,0.2465,0.55916,0.74725,1.03013
28/5/2020,0.249,0.55941,0.74725,1.03013
29/5/2020,0.248,0.55966,0.74725,1.03013
